index,year,region_id,fips,region,ubigeo,iso_3166_2,capital,superficie,altitude,latitude,longitude,ha_thousands
1,2003,1,1,Amazonas,10000,PE-AMA,Chachapoyas,39249.13,2338,-6.229444444,-77.87277778,32
2,2003,2,2,Ancash,20000,PE-ANC,Huaraz,35881.3,3073,-9.529722222,-77.52916667,0
3,2003,3,3,Apurimac,30000,PE-APU,Abancay,20895.77,2500,-13.62888889,-72.88611111,40
4,2003,4,4,Arequipa,40000,PE-ARE,Arequipa,63343.95,2429,-16.39333333,-71.52888889,430
5,2003,5,5,Ayacucho,50000,PE-AYA,Ayacucho,43803.26,2797,-13.16027778,-74.22527778,143
6,2003,6,6,Cajamarca,60000,PE-CAJ,Cajamarca,33304.32,2731,-7.154722222,-78.51083333,6
7,2003,7,7,Callao,70000,PE-CAL,Callao,145.91,27,-12.06305556,-77.14694444,0
8,2003,8,8,Cusco,80000,PE-CUS,Cusco,71986.5,3439,-13.51916667,-71.97666667,373
9,2003,9,9,Huancavelica,90000,PE-HUV,Huancavelica,22125.2,3746,-12.78694444,-74.97138889,14
10,2003,10,10,Huanuco,100000,PE-HUC,Huánuco,37263.44,1921,-9.93,-76.23972222,431
11,2003,11,11,Ica,110000,PE-ICA,Ica,21305.51,432,-14.06361111,-75.72916667,0
12,2003,12,12,Junin,120000,PE-JUN,Huancayo,44328.8,3294,-12.07083333,-75.20888889,12
13,2003,13,13,La Libertad,130000,PE-LAL,Trujillo,25495.42,74,-8.1,-79.03055556,97
14,2003,14,14,Lambayeque,140000,PE-LAM,Chiclayo,14461.52,28,-6.766944444,-79.85055556,0
15,2003,15,15,Lima,150000,PE-LIM,Lima,34823.52,162.42,-12.04527778,-77.03083333,0
16,2003,16,16,Loreto,160000,PE-LOR,Iquitos,368799.48,107,-3.748055556,-73.24416667,2236
17,2003,17,17,Madre de Dios,170000,PE-MDD,Puerto Maldonado,85300.54,204,-12.59361111,-69.17666667,2549
18,2003,18,18,Moquegua,180000,PE-MOQ,Moquegua,15733.88,1428,-17.19416667,-70.93333333,3
19,2003,19,19,Pasco,190000,PE-PAS,Cerro de Pasco,25025.84,4373,-10.6825,-76.25694444,0
20,2003,20,20,Piura,200000,PE-PIU,Piura,35656.18,57,-5.1525,-80.65777778,0
21,2003,21,21,Puno,210000,PE-PUN,Puno,66993.52,3848,-15.84027778,-70.02805556,5014
22,2003,22,22,San Martin,220000,PE-SAM,Moyobamba,51305.78,895,-6.034722222,-76.97416667,1358
23,2003,23,23,Tacna,230000,PE-TAC,Tacna,16075.73,583,-18.00194444,-70.25194444,5
24,2003,24,24,Tumbes,240000,PE-TUM,Tumbes,4668.5,9,-3.571111111,-80.45916667,74
25,2003,25,25,Ucayali,250000,PE-UCA,Pucallpa,102199.28,162,-8.368055556,-74.54333333,1239
26,2004,1,1,Amazonas,10000,PE-AMA,Chachapoyas,39249.13,2338,-6.229444444,-77.87277778,2022
27,2004,2,2,Ancash,20000,PE-ANC,Huaraz,35881.3,3073,-9.529722222,-77.52916667,319
28,2004,3,3,Apurimac,30000,PE-APU,Abancay,20895.77,2500,-13.62888889,-72.88611111,3868
29,2004,4,4,Arequipa,40000,PE-ARE,Arequipa,63343.95,2429,-16.39333333,-71.52888889,5202
30,2004,5,5,Ayacucho,50000,PE-AYA,Ayacucho,43803.26,2797,-13.16027778,-74.22527778,4530
31,2004,6,6,Cajamarca,60000,PE-CAJ,Cajamarca,33304.32,2731,-7.154722222,-78.51083333,12763
32,2004,7,7,Callao,70000,PE-CAL,Callao,145.91,27,-12.06305556,-77.14694444,0
33,2004,8,8,Cusco,80000,PE-CUS,Cusco,71986.5,3439,-13.51916667,-71.97666667,10
34,2004,9,9,Huancavelica,90000,PE-HUV,Huancavelica,22125.2,3746,-12.78694444,-74.97138889,2116
35,2004,10,10,Huanuco,100000,PE-HUC,Huánuco,37263.44,1921,-9.93,-76.23972222,4102
36,2004,11,11,Ica,110000,PE-ICA,Ica,21305.51,432,-14.06361111,-75.72916667,0
37,2004,12,12,Junin,120000,PE-JUN,Huancayo,44328.8,3294,-12.07083333,-75.20888889,1092
38,2004,13,13,La Libertad,130000,PE-LAL,Trujillo,25495.42,74,-8.1,-79.03055556,1571
39,2004,14,14,Lambayeque,140000,PE-LAM,Chiclayo,14461.52,28,-6.766944444,-79.85055556,3495
40,2004,15,15,Lima,150000,PE-LIM,Lima,34823.52,162.42,-12.04527778,-77.03083333,0
41,2004,16,16,Loreto,160000,PE-LOR,Iquitos,368799.48,107,-3.748055556,-73.24416667,6553
42,2004,17,17,Madre de Dios,170000,PE-MDD,Puerto Maldonado,85300.54,204,-12.59361111,-69.17666667,0
43,2004,18,18,Moquegua,180000,PE-MOQ,Moquegua,15733.88,1428,-17.19416667,-70.93333333,142
44,2004,19,19,Pasco,190000,PE-PAS,Cerro de Pasco,25025.84,4373,-10.6825,-76.25694444,1501
45,2004,20,20,Piura,200000,PE-PIU,Piura,35656.18,57,-5.1525,-80.65777778,27153
46,2004,21,21,Puno,210000,PE-PUN,Puno,66993.52,3848,-15.84027778,-70.02805556,8478
47,2004,22,22,San Martin,220000,PE-SAM,Moyobamba,51305.78,895,-6.034722222,-76.97416667,355
48,2004,23,23,Tacna,230000,PE-TAC,Tacna,16075.73,583,-18.00194444,-70.25194444,4434
49,2004,24,24,Tumbes,240000,PE-TUM,Tumbes,4668.5,9,-3.571111111,-80.45916667,6
50,2004,25,25,Ucayali,250000,PE-UCA,Pucallpa,102199.28,162,-8.368055556,-74.54333333,562
51,2005,7,7,Callao,70000,PE-CAL,Callao,145.91,27,-12.06305556,-77.14694444,0
52,2006,7,7,Callao,70000,PE-CAL,Callao,145.91,27,-12.06305556,-77.14694444,0
53,2007,1,1,Amazonas,10000,PE-AMA,Chachapoyas,39249.13,2338,-6.229444444,-77.87277778,59
54,2007,2,2,Ancash,20000,PE-ANC,Huaraz,35881.3,3073,-9.529722222,-77.52916667,0
55,2007,3,3,Apurimac,30000,PE-APU,Abancay,20895.77,2500,-13.62888889,-72.88611111,2
56,2007,4,4,Arequipa,40000,PE-ARE,Arequipa,63343.95,2429,-16.39333333,-71.52888889,0
57,2007,5,5,Ayacucho,50000,PE-AYA,Ayacucho,43803.26,2797,-13.16027778,-74.22527778,0
58,2007,6,6,Cajamarca,60000,PE-CAJ,Cajamarca,33304.32,2731,-7.154722222,-78.51083333,0
59,2007,7,7,Callao,70000,PE-CAL,Callao,145.91,27,-12.06305556,-77.14694444,0
60,2007,8,8,Cusco,80000,PE-CUS,Cusco,71986.5,3439,-13.51916667,-71.97666667,0
61,2007,9,9,Huancavelica,90000,PE-HUV,Huancavelica,22125.2,3746,-12.78694444,-74.97138889,0
62,2007,10,10,Huanuco,100000,PE-HUC,Huánuco,37263.44,1921,-9.93,-76.23972222,0
63,2007,11,11,Ica,110000,PE-ICA,Ica,21305.51,432,-14.06361111,-75.72916667,0
64,2007,12,12,Junin,120000,PE-JUN,Huancayo,44328.8,3294,-12.07083333,-75.20888889,25
65,2007,13,13,La Libertad,130000,PE-LAL,Trujillo,25495.42,74,-8.1,-79.03055556,32
66,2007,14,14,Lambayeque,140000,PE-LAM,Chiclayo,14461.52,28,-6.766944444,-79.85055556,0
67,2007,15,15,Lima,150000,PE-LIM,Lima,34823.52,162.42,-12.04527778,-77.03083333,13
68,2007,16,16,Loreto,160000,PE-LOR,Iquitos,368799.48,107,-3.748055556,-73.24416667,57
69,2007,17,17,Madre de Dios,170000,PE-MDD,Puerto Maldonado,85300.54,204,-12.59361111,-69.17666667,0
70,2007,18,18,Moquegua,180000,PE-MOQ,Moquegua,15733.88,1428,-17.19416667,-70.93333333,0
71,2007,19,19,Pasco,190000,PE-PAS,Cerro de Pasco,25025.84,4373,-10.6825,-76.25694444,3
72,2007,20,20,Piura,200000,PE-PIU,Piura,35656.18,57,-5.1525,-80.65777778,674
73,2007,21,21,Puno,210000,PE-PUN,Puno,66993.52,3848,-15.84027778,-70.02805556,4479
74,2007,22,22,San Martin,220000,PE-SAM,Moyobamba,51305.78,895,-6.034722222,-76.97416667,361
75,2007,23,23,Tacna,230000,PE-TAC,Tacna,16075.73,583,-18.00194444,-70.25194444,0
76,2007,24,24,Tumbes,240000,PE-TUM,Tumbes,4668.5,9,-3.571111111,-80.45916667,0
77,2007,25,25,Ucayali,250000,PE-UCA,Pucallpa,102199.28,162,-8.368055556,-74.54333333,14
78,2008,1,1,Amazonas,10000,PE-AMA,Chachapoyas,39249.13,2338,-6.229444444,-77.87277778,82
79,2008,2,2,Ancash,20000,PE-ANC,Huaraz,35881.3,3073,-9.529722222,-77.52916667,8
80,2008,3,3,Apurimac,30000,PE-APU,Abancay,20895.77,2500,-13.62888889,-72.88611111,4224
81,2008,4,4,Arequipa,40000,PE-ARE,Arequipa,63343.95,2429,-16.39333333,-71.52888889,35
82,2008,5,5,Ayacucho,50000,PE-AYA,Ayacucho,43803.26,2797,-13.16027778,-74.22527778,1005
83,2008,6,6,Cajamarca,60000,PE-CAJ,Cajamarca,33304.32,2731,-7.154722222,-78.51083333,831
84,2008,7,7,Callao,70000,PE-CAL,Callao,145.91,27,-12.06305556,-77.14694444,0
85,2008,8,8,Cusco,80000,PE-CUS,Cusco,71986.5,3439,-13.51916667,-71.97666667,0
86,2008,9,9,Huancavelica,90000,PE-HUV,Huancavelica,22125.2,3746,-12.78694444,-74.97138889,41
87,2008,10,10,Huanuco,100000,PE-HUC,Huánuco,37263.44,1921,-9.93,-76.23972222,0
88,2008,11,11,Ica,110000,PE-ICA,Ica,21305.51,432,-14.06361111,-75.72916667,44
89,2008,12,12,Junin,120000,PE-JUN,Huancayo,44328.8,3294,-12.07083333,-75.20888889,22
90,2008,13,13,La Libertad,130000,PE-LAL,Trujillo,25495.42,74,-8.1,-79.03055556,0
91,2008,14,14,Lambayeque,140000,PE-LAM,Chiclayo,14461.52,28,-6.766944444,-79.85055556,820
92,2008,15,15,Lima,150000,PE-LIM,Lima,34823.52,162.42,-12.04527778,-77.03083333,0
93,2008,16,16,Loreto,160000,PE-LOR,Iquitos,368799.48,107,-3.748055556,-73.24416667,0
94,2008,17,17,Madre de Dios,170000,PE-MDD,Puerto Maldonado,85300.54,204,-12.59361111,-69.17666667,0
95,2008,18,18,Moquegua,180000,PE-MOQ,Moquegua,15733.88,1428,-17.19416667,-70.93333333,37
96,2008,19,19,Pasco,190000,PE-PAS,Cerro de Pasco,25025.84,4373,-10.6825,-76.25694444,0
97,2008,20,20,Piura,200000,PE-PIU,Piura,35656.18,57,-5.1525,-80.65777778,3547
98,2008,21,21,Puno,210000,PE-PUN,Puno,66993.52,3848,-15.84027778,-70.02805556,0
99,2008,22,22,San Martin,220000,PE-SAM,Moyobamba,51305.78,895,-6.034722222,-76.97416667,0
100,2008,23,23,Tacna,230000,PE-TAC,Tacna,16075.73,583,-18.00194444,-70.25194444,3498
101,2008,24,24,Tumbes,240000,PE-TUM,Tumbes,4668.5,9,-3.571111111,-80.45916667,159
102,2008,25,25,Ucayali,250000,PE-UCA,Pucallpa,102199.28,162,-8.368055556,-74.54333333,3745
103,2009,1,1,Amazonas,10000,PE-AMA,Chachapoyas,39249.13,2338,-6.229444444,-77.87277778,5
104,2009,2,2,Ancash,20000,PE-ANC,Huaraz,35881.3,3073,-9.529722222,-77.52916667,0
105,2009,3,3,Apurimac,30000,PE-APU,Abancay,20895.77,2500,-13.62888889,-72.88611111,85
106,2009,4,4,Arequipa,40000,PE-ARE,Arequipa,63343.95,2429,-16.39333333,-71.52888889,0
107,2009,5,5,Ayacucho,50000,PE-AYA,Ayacucho,43803.26,2797,-13.16027778,-74.22527778,0
108,2009,6,6,Cajamarca,60000,PE-CAJ,Cajamarca,33304.32,2731,-7.154722222,-78.51083333,0
109,2009,7,7,Callao,70000,PE-CAL,Callao,145.91,27,-12.06305556,-77.14694444,0
110,2009,8,8,Cusco,80000,PE-CUS,Cusco,71986.5,3439,-13.51916667,-71.97666667,0
111,2009,9,9,Huancavelica,90000,PE-HUV,Huancavelica,22125.2,3746,-12.78694444,-74.97138889,0
112,2009,10,10,Huanuco,100000,PE-HUC,Huánuco,37263.44,1921,-9.93,-76.23972222,15
113,2009,11,11,Ica,110000,PE-ICA,Ica,21305.51,432,-14.06361111,-75.72916667,0
114,2009,12,12,Junin,120000,PE-JUN,Huancayo,44328.8,3294,-12.07083333,-75.20888889,79
115,2009,13,13,La Libertad,130000,PE-LAL,Trujillo,25495.42,74,-8.1,-79.03055556,0
116,2009,14,14,Lambayeque,140000,PE-LAM,Chiclayo,14461.52,28,-6.766944444,-79.85055556,30
117,2009,15,15,Lima,150000,PE-LIM,Lima,34823.52,162.42,-12.04527778,-77.03083333,0
118,2009,16,16,Loreto,160000,PE-LOR,Iquitos,368799.48,107,-3.748055556,-73.24416667,0
119,2009,17,17,Madre de Dios,170000,PE-MDD,Puerto Maldonado,85300.54,204,-12.59361111,-69.17666667,0
120,2009,18,18,Moquegua,180000,PE-MOQ,Moquegua,15733.88,1428,-17.19416667,-70.93333333,0
121,2009,19,19,Pasco,190000,PE-PAS,Cerro de Pasco,25025.84,4373,-10.6825,-76.25694444,6
122,2009,20,20,Piura,200000,PE-PIU,Piura,35656.18,57,-5.1525,-80.65777778,0
123,2009,21,21,Puno,210000,PE-PUN,Puno,66993.52,3848,-15.84027778,-70.02805556,0
124,2009,22,22,San Martin,220000,PE-SAM,Moyobamba,51305.78,895,-6.034722222,-76.97416667,56
125,2009,23,23,Tacna,230000,PE-TAC,Tacna,16075.73,583,-18.00194444,-70.25194444,0
126,2009,24,24,Tumbes,240000,PE-TUM,Tumbes,4668.5,9,-3.571111111,-80.45916667,0
127,2009,25,25,Ucayali,250000,PE-UCA,Pucallpa,102199.28,162,-8.368055556,-74.54333333,0
128,2010,1,1,Amazonas,10000,PE-AMA,Chachapoyas,39249.13,2338,-6.229444444,-77.87277778,132
129,2010,2,2,Ancash,20000,PE-ANC,Huaraz,35881.3,3073,-9.529722222,-77.52916667,26
130,2010,3,3,Apurimac,30000,PE-APU,Abancay,20895.77,2500,-13.62888889,-72.88611111,4
131,2010,4,4,Arequipa,40000,PE-ARE,Arequipa,63343.95,2429,-16.39333333,-71.52888889,77
132,2010,5,5,Ayacucho,50000,PE-AYA,Ayacucho,43803.26,2797,-13.16027778,-74.22527778,113
133,2010,6,6,Cajamarca,60000,PE-CAJ,Cajamarca,33304.32,2731,-7.154722222,-78.51083333,0
134,2010,7,7,Callao,70000,PE-CAL,Callao,145.91,27,-12.06305556,-77.14694444,0
135,2010,8,8,Cusco,80000,PE-CUS,Cusco,71986.5,3439,-13.51916667,-71.97666667,2925
136,2010,9,9,Huancavelica,90000,PE-HUV,Huancavelica,22125.2,3746,-12.78694444,-74.97138889,0
137,2010,10,10,Huanuco,100000,PE-HUC,Huánuco,37263.44,1921,-9.93,-76.23972222,1212
138,2010,11,11,Ica,110000,PE-ICA,Ica,21305.51,432,-14.06361111,-75.72916667,0
139,2010,12,12,Junin,120000,PE-JUN,Huancayo,44328.8,3294,-12.07083333,-75.20888889,101
140,2010,13,13,La Libertad,130000,PE-LAL,Trujillo,25495.42,74,-8.1,-79.03055556,0
141,2010,14,14,Lambayeque,140000,PE-LAM,Chiclayo,14461.52,28,-6.766944444,-79.85055556,0
142,2010,15,15,Lima,150000,PE-LIM,Lima,34823.52,162.42,-12.04527778,-77.03083333,0
143,2010,16,16,Loreto,160000,PE-LOR,Iquitos,368799.48,107,-3.748055556,-73.24416667,0
144,2010,17,17,Madre de Dios,170000,PE-MDD,Puerto Maldonado,85300.54,204,-12.59361111,-69.17666667,0
145,2010,18,18,Moquegua,180000,PE-MOQ,Moquegua,15733.88,1428,-17.19416667,-70.93333333,0
146,2010,19,19,Pasco,190000,PE-PAS,Cerro de Pasco,25025.84,4373,-10.6825,-76.25694444,13
147,2010,20,20,Piura,200000,PE-PIU,Piura,35656.18,57,-5.1525,-80.65777778,3
148,2010,21,21,Puno,210000,PE-PUN,Puno,66993.52,3848,-15.84027778,-70.02805556,1000
149,2010,22,22,San Martin,220000,PE-SAM,Moyobamba,51305.78,895,-6.034722222,-76.97416667,0
150,2010,23,23,Tacna,230000,PE-TAC,Tacna,16075.73,583,-18.00194444,-70.25194444,0
151,2010,24,24,Tumbes,240000,PE-TUM,Tumbes,4668.5,9,-3.571111111,-80.45916667,30
152,2010,25,25,Ucayali,250000,PE-UCA,Pucallpa,102199.28,162,-8.368055556,-74.54333333,0
153,2011,1,1,Amazonas,10000,PE-AMA,Chachapoyas,39249.13,2338,-6.229444444,-77.87277778,0
154,2011,2,2,Ancash,20000,PE-ANC,Huaraz,35881.3,3073,-9.529722222,-77.52916667,0
155,2011,3,3,Apurimac,30000,PE-APU,Abancay,20895.77,2500,-13.62888889,-72.88611111,1
156,2011,4,4,Arequipa,40000,PE-ARE,Arequipa,63343.95,2429,-16.39333333,-71.52888889,147
157,2011,5,5,Ayacucho,50000,PE-AYA,Ayacucho,43803.26,2797,-13.16027778,-74.22527778,2
158,2011,6,6,Cajamarca,60000,PE-CAJ,Cajamarca,33304.32,2731,-7.154722222,-78.51083333,0
159,2011,7,7,Callao,70000,PE-CAL,Callao,145.91,27,-12.06305556,-77.14694444,0
160,2011,8,8,Cusco,80000,PE-CUS,Cusco,71986.5,3439,-13.51916667,-71.97666667,3249
161,2011,9,9,Huancavelica,90000,PE-HUV,Huancavelica,22125.2,3746,-12.78694444,-74.97138889,5623
162,2011,10,10,Huanuco,100000,PE-HUC,Huánuco,37263.44,1921,-9.93,-76.23972222,107
163,2011,11,11,Ica,110000,PE-ICA,Ica,21305.51,432,-14.06361111,-75.72916667,0
164,2011,12,12,Junin,120000,PE-JUN,Huancayo,44328.8,3294,-12.07083333,-75.20888889,251
165,2011,13,13,La Libertad,130000,PE-LAL,Trujillo,25495.42,74,-8.1,-79.03055556,0
166,2011,14,14,Lambayeque,140000,PE-LAM,Chiclayo,14461.52,28,-6.766944444,-79.85055556,0
167,2011,15,15,Lima,150000,PE-LIM,Lima,34823.52,162.42,-12.04527778,-77.03083333,0
168,2011,16,16,Loreto,160000,PE-LOR,Iquitos,368799.48,107,-3.748055556,-73.24416667,154
169,2011,17,17,Madre de Dios,170000,PE-MDD,Puerto Maldonado,85300.54,204,-12.59361111,-69.17666667,0
170,2011,18,18,Moquegua,180000,PE-MOQ,Moquegua,15733.88,1428,-17.19416667,-70.93333333,3
171,2011,19,19,Pasco,190000,PE-PAS,Cerro de Pasco,25025.84,4373,-10.6825,-76.25694444,0
172,2011,20,20,Piura,200000,PE-PIU,Piura,35656.18,57,-5.1525,-80.65777778,0
173,2011,21,21,Puno,210000,PE-PUN,Puno,66993.52,3848,-15.84027778,-70.02805556,14033
174,2011,22,22,San Martin,220000,PE-SAM,Moyobamba,51305.78,895,-6.034722222,-76.97416667,992
175,2011,23,23,Tacna,230000,PE-TAC,Tacna,16075.73,583,-18.00194444,-70.25194444,0
176,2011,24,24,Tumbes,240000,PE-TUM,Tumbes,4668.5,9,-3.571111111,-80.45916667,0
177,2011,25,25,Ucayali,250000,PE-UCA,Pucallpa,102199.28,162,-8.368055556,-74.54333333,0
178,2012,1,1,Amazonas,10000,PE-AMA,Chachapoyas,39249.13,2338,-6.229444444,-77.87277778,26
179,2012,2,2,Ancash,20000,PE-ANC,Huaraz,35881.3,3073,-9.529722222,-77.52916667,4
180,2012,3,3,Apurimac,30000,PE-APU,Abancay,20895.77,2500,-13.62888889,-72.88611111,365
181,2012,4,4,Arequipa,40000,PE-ARE,Arequipa,63343.95,2429,-16.39333333,-71.52888889,849
182,2012,5,5,Ayacucho,50000,PE-AYA,Ayacucho,43803.26,2797,-13.16027778,-74.22527778,0
183,2012,6,6,Cajamarca,60000,PE-CAJ,Cajamarca,33304.32,2731,-7.154722222,-78.51083333,4
184,2012,7,7,Callao,70000,PE-CAL,Callao,145.91,27,-12.06305556,-77.14694444,0
185,2012,8,8,Cusco,80000,PE-CUS,Cusco,71986.5,3439,-13.51916667,-71.97666667,1487
186,2012,9,9,Huancavelica,90000,PE-HUV,Huancavelica,22125.2,3746,-12.78694444,-74.97138889,36
187,2012,10,10,Huanuco,100000,PE-HUC,Huánuco,37263.44,1921,-9.93,-76.23972222,379
188,2012,11,11,Ica,110000,PE-ICA,Ica,21305.51,432,-14.06361111,-75.72916667,0
189,2012,12,12,Junin,120000,PE-JUN,Huancayo,44328.8,3294,-12.07083333,-75.20888889,745
190,2012,13,13,La Libertad,130000,PE-LAL,Trujillo,25495.42,74,-8.1,-79.03055556,0
191,2012,14,14,Lambayeque,140000,PE-LAM,Chiclayo,14461.52,28,-6.766944444,-79.85055556,204
192,2012,15,15,Lima,150000,PE-LIM,Lima,34823.52,162.42,-12.04527778,-77.03083333,89
193,2012,16,16,Loreto,160000,PE-LOR,Iquitos,368799.48,107,-3.748055556,-73.24416667,26408
194,2012,17,17,Madre de Dios,170000,PE-MDD,Puerto Maldonado,85300.54,204,-12.59361111,-69.17666667,0
195,2012,18,18,Moquegua,180000,PE-MOQ,Moquegua,15733.88,1428,-17.19416667,-70.93333333,132
196,2012,19,19,Pasco,190000,PE-PAS,Cerro de Pasco,25025.84,4373,-10.6825,-76.25694444,14176
197,2012,20,20,Piura,200000,PE-PIU,Piura,35656.18,57,-5.1525,-80.65777778,89
198,2012,21,21,Puno,210000,PE-PUN,Puno,66993.52,3848,-15.84027778,-70.02805556,0
199,2012,22,22,San Martin,220000,PE-SAM,Moyobamba,51305.78,895,-6.034722222,-76.97416667,17
200,2012,23,23,Tacna,230000,PE-TAC,Tacna,16075.73,583,-18.00194444,-70.25194444,0
201,2012,24,24,Tumbes,240000,PE-TUM,Tumbes,4668.5,9,-3.571111111,-80.45916667,506
202,2012,25,25,Ucayali,250000,PE-UCA,Pucallpa,102199.28,162,-8.368055556,-74.54333333,0
203,2013,1,1,Amazonas,10000,PE-AMA,Chachapoyas,39249.13,2338,-6.229444444,-77.87277778,17
204,2013,2,2,Ancash,20000,PE-ANC,Huaraz,35881.3,3073,-9.529722222,-77.52916667,11
205,2013,3,3,Apurimac,30000,PE-APU,Abancay,20895.77,2500,-13.62888889,-72.88611111,68
206,2013,4,4,Arequipa,40000,PE-ARE,Arequipa,63343.95,2429,-16.39333333,-71.52888889,130
207,2013,5,5,Ayacucho,50000,PE-AYA,Ayacucho,43803.26,2797,-13.16027778,-74.22527778,47
208,2013,6,6,Cajamarca,60000,PE-CAJ,Cajamarca,33304.32,2731,-7.154722222,-78.51083333,3
209,2013,7,7,Callao,70000,PE-CAL,Callao,145.91,27,-12.06305556,-77.14694444,0
210,2013,8,8,Cusco,80000,PE-CUS,Cusco,71986.5,3439,-13.51916667,-71.97666667,3505
211,2013,9,9,Huancavelica,90000,PE-HUV,Huancavelica,22125.2,3746,-12.78694444,-74.97138889,69
212,2013,10,10,Huanuco,100000,PE-HUC,Huánuco,37263.44,1921,-9.93,-76.23972222,2539
213,2013,11,11,Ica,110000,PE-ICA,Ica,21305.51,432,-14.06361111,-75.72916667,0
214,2013,12,12,Junin,120000,PE-JUN,Huancayo,44328.8,3294,-12.07083333,-75.20888889,108
215,2013,13,13,La Libertad,130000,PE-LAL,Trujillo,25495.42,74,-8.1,-79.03055556,4
216,2013,14,14,Lambayeque,140000,PE-LAM,Chiclayo,14461.52,28,-6.766944444,-79.85055556,0
217,2013,15,15,Lima,150000,PE-LIM,Lima,34823.52,162.42,-12.04527778,-77.03083333,0
218,2013,16,16,Loreto,160000,PE-LOR,Iquitos,368799.48,107,-3.748055556,-73.24416667,3597
219,2013,17,17,Madre de Dios,170000,PE-MDD,Puerto Maldonado,85300.54,204,-12.59361111,-69.17666667,0
220,2013,18,18,Moquegua,180000,PE-MOQ,Moquegua,15733.88,1428,-17.19416667,-70.93333333,29
221,2013,19,19,Pasco,190000,PE-PAS,Cerro de Pasco,25025.84,4373,-10.6825,-76.25694444,2
222,2013,20,20,Piura,200000,PE-PIU,Piura,35656.18,57,-5.1525,-80.65777778,4
223,2013,21,21,Puno,210000,PE-PUN,Puno,66993.52,3848,-15.84027778,-70.02805556,1606
224,2013,22,22,San Martin,220000,PE-SAM,Moyobamba,51305.78,895,-6.034722222,-76.97416667,324
225,2013,23,23,Tacna,230000,PE-TAC,Tacna,16075.73,583,-18.00194444,-70.25194444,0
226,2013,24,24,Tumbes,240000,PE-TUM,Tumbes,4668.5,9,-3.571111111,-80.45916667,0
227,2013,25,25,Ucayali,250000,PE-UCA,Pucallpa,102199.28,162,-8.368055556,-74.54333333,897
228,2014,1,1,Amazonas,10000,PE-AMA,Chachapoyas,39249.13,2338,-6.229444444,-77.87277778,0
229,2014,2,2,Ancash,20000,PE-ANC,Huaraz,35881.3,3073,-9.529722222,-77.52916667,12
230,2014,3,3,Apurimac,30000,PE-APU,Abancay,20895.77,2500,-13.62888889,-72.88611111,83
231,2014,4,4,Arequipa,40000,PE-ARE,Arequipa,63343.95,2429,-16.39333333,-71.52888889,399
232,2014,5,5,Ayacucho,50000,PE-AYA,Ayacucho,43803.26,2797,-13.16027778,-74.22527778,358
233,2014,6,6,Cajamarca,60000,PE-CAJ,Cajamarca,33304.32,2731,-7.154722222,-78.51083333,0
234,2014,7,7,Callao,70000,PE-CAL,Callao,145.91,27,-12.06305556,-77.14694444,0
235,2014,8,8,Cusco,80000,PE-CUS,Cusco,71986.5,3439,-13.51916667,-71.97666667,451
236,2014,9,9,Huancavelica,90000,PE-HUV,Huancavelica,22125.2,3746,-12.78694444,-74.97138889,332
237,2014,10,10,Huanuco,100000,PE-HUC,Huánuco,37263.44,1921,-9.93,-76.23972222,0
238,2014,11,11,Ica,110000,PE-ICA,Ica,21305.51,432,-14.06361111,-75.72916667,0
239,2014,12,12,Junin,120000,PE-JUN,Huancayo,44328.8,3294,-12.07083333,-75.20888889,67
240,2014,13,13,La Libertad,130000,PE-LAL,Trujillo,25495.42,74,-8.1,-79.03055556,814
241,2014,14,14,Lambayeque,140000,PE-LAM,Chiclayo,14461.52,28,-6.766944444,-79.85055556,0
242,2014,15,15,Lima,150000,PE-LIM,Lima,34823.52,162.42,-12.04527778,-77.03083333,0
243,2014,16,16,Loreto,160000,PE-LOR,Iquitos,368799.48,107,-3.748055556,-73.24416667,11710
244,2014,17,17,Madre de Dios,170000,PE-MDD,Puerto Maldonado,85300.54,204,-12.59361111,-69.17666667,431
245,2014,18,18,Moquegua,180000,PE-MOQ,Moquegua,15733.88,1428,-17.19416667,-70.93333333,0
246,2014,19,19,Pasco,190000,PE-PAS,Cerro de Pasco,25025.84,4373,-10.6825,-76.25694444,643
247,2014,20,20,Piura,200000,PE-PIU,Piura,35656.18,57,-5.1525,-80.65777778,5
248,2014,21,21,Puno,210000,PE-PUN,Puno,66993.52,3848,-15.84027778,-70.02805556,4385
249,2014,22,22,San Martin,220000,PE-SAM,Moyobamba,51305.78,895,-6.034722222,-76.97416667,0
250,2014,23,23,Tacna,230000,PE-TAC,Tacna,16075.73,583,-18.00194444,-70.25194444,0
251,2014,24,24,Tumbes,240000,PE-TUM,Tumbes,4668.5,9,-3.571111111,-80.45916667,0
252,2014,25,25,Ucayali,250000,PE-UCA,Pucallpa,102199.28,162,-8.368055556,-74.54333333,2
253,2015,1,1,Amazonas,10000,PE-AMA,Chachapoyas,39249.13,2338,-6.229444444,-77.87277778,56
254,2015,2,2,Ancash,20000,PE-ANC,Huaraz,35881.3,3073,-9.529722222,-77.52916667,50
255,2015,3,3,Apurimac,30000,PE-APU,Abancay,20895.77,2500,-13.62888889,-72.88611111,1079
256,2015,4,4,Arequipa,40000,PE-ARE,Arequipa,63343.95,2429,-16.39333333,-71.52888889,0
257,2015,5,5,Ayacucho,50000,PE-AYA,Ayacucho,43803.26,2797,-13.16027778,-74.22527778,2519
258,2015,6,6,Cajamarca,60000,PE-CAJ,Cajamarca,33304.32,2731,-7.154722222,-78.51083333,950
259,2015,7,7,Callao,70000,PE-CAL,Callao,145.91,27,-12.06305556,-77.14694444,0
260,2015,8,8,Cusco,80000,PE-CUS,Cusco,71986.5,3439,-13.51916667,-71.97666667,1395
261,2015,9,9,Huancavelica,90000,PE-HUV,Huancavelica,22125.2,3746,-12.78694444,-74.97138889,275
262,2015,10,10,Huanuco,100000,PE-HUC,Huánuco,37263.44,1921,-9.93,-76.23972222,0
263,2015,11,11,Ica,110000,PE-ICA,Ica,21305.51,432,-14.06361111,-75.72916667,20
264,2015,12,12,Junin,120000,PE-JUN,Huancayo,44328.8,3294,-12.07083333,-75.20888889,476
265,2015,13,13,La Libertad,130000,PE-LAL,Trujillo,25495.42,74,-8.1,-79.03055556,2
266,2015,14,14,Lambayeque,140000,PE-LAM,Chiclayo,14461.52,28,-6.766944444,-79.85055556,0
267,2015,15,15,Lima,150000,PE-LIM,Lima,34823.52,162.42,-12.04527778,-77.03083333,5
268,2015,16,16,Loreto,160000,PE-LOR,Iquitos,368799.48,107,-3.748055556,-73.24416667,14986
269,2015,17,17,Madre de Dios,170000,PE-MDD,Puerto Maldonado,85300.54,204,-12.59361111,-69.17666667,147
270,2015,18,18,Moquegua,180000,PE-MOQ,Moquegua,15733.88,1428,-17.19416667,-70.93333333,156
271,2015,19,19,Pasco,190000,PE-PAS,Cerro de Pasco,25025.84,4373,-10.6825,-76.25694444,68
272,2015,20,20,Piura,200000,PE-PIU,Piura,35656.18,57,-5.1525,-80.65777778,140
273,2015,21,21,Puno,210000,PE-PUN,Puno,66993.52,3848,-15.84027778,-70.02805556,1103
274,2015,22,22,San Martin,220000,PE-SAM,Moyobamba,51305.78,895,-6.034722222,-76.97416667,507
275,2015,23,23,Tacna,230000,PE-TAC,Tacna,16075.73,583,-18.00194444,-70.25194444,236
276,2015,24,24,Tumbes,240000,PE-TUM,Tumbes,4668.5,9,-3.571111111,-80.45916667,1100
277,2015,25,25,Ucayali,250000,PE-UCA,Pucallpa,102199.28,162,-8.368055556,-74.54333333,41
278,2016,1,1,Amazonas,10000,PE-AMA,Chachapoyas,39249.13,2338,-6.229444444,-77.87277778,5009
279,2016,2,2,Ancash,20000,PE-ANC,Huaraz,35881.3,3073,-9.529722222,-77.52916667,0
280,2016,3,3,Apurimac,30000,PE-APU,Abancay,20895.77,2500,-13.62888889,-72.88611111,6437
281,2016,4,4,Arequipa,40000,PE-ARE,Arequipa,63343.95,2429,-16.39333333,-71.52888889,1274
282,2016,5,5,Ayacucho,50000,PE-AYA,Ayacucho,43803.26,2797,-13.16027778,-74.22527778,10823
283,2016,6,6,Cajamarca,60000,PE-CAJ,Cajamarca,33304.32,2731,-7.154722222,-78.51083333,20492
284,2016,7,7,Callao,70000,PE-CAL,Callao,145.91,27,-12.06305556,-77.14694444,0
285,2016,8,8,Cusco,80000,PE-CUS,Cusco,71986.5,3439,-13.51916667,-71.97666667,13767
286,2016,9,9,Huancavelica,90000,PE-HUV,Huancavelica,22125.2,3746,-12.78694444,-74.97138889,3461
287,2016,10,10,Huanuco,100000,PE-HUC,Huánuco,37263.44,1921,-9.93,-76.23972222,3919
288,2016,11,11,Ica,110000,PE-ICA,Ica,21305.51,432,-14.06361111,-75.72916667,60
289,2016,12,12,Junin,120000,PE-JUN,Huancayo,44328.8,3294,-12.07083333,-75.20888889,260
290,2016,13,13,La Libertad,130000,PE-LAL,Trujillo,25495.42,74,-8.1,-79.03055556,5
291,2016,14,14,Lambayeque,140000,PE-LAM,Chiclayo,14461.52,28,-6.766944444,-79.85055556,149
292,2016,15,15,Lima,150000,PE-LIM,Lima,34823.52,162.42,-12.04527778,-77.03083333,40
293,2016,16,16,Loreto,160000,PE-LOR,Iquitos,368799.48,107,-3.748055556,-73.24416667,1996
294,2016,17,17,Madre de Dios,170000,PE-MDD,Puerto Maldonado,85300.54,204,-12.59361111,-69.17666667,1141
295,2016,18,18,Moquegua,180000,PE-MOQ,Moquegua,15733.88,1428,-17.19416667,-70.93333333,138
296,2016,19,19,Pasco,190000,PE-PAS,Cerro de Pasco,25025.84,4373,-10.6825,-76.25694444,1119
297,2016,20,20,Piura,200000,PE-PIU,Piura,35656.18,57,-5.1525,-80.65777778,152
298,2016,21,21,Puno,210000,PE-PUN,Puno,66993.52,3848,-15.84027778,-70.02805556,20517
299,2016,22,22,San Martin,220000,PE-SAM,Moyobamba,51305.78,895,-6.034722222,-76.97416667,556
300,2016,23,23,Tacna,230000,PE-TAC,Tacna,16075.73,583,-18.00194444,-70.25194444,1144
301,2016,24,24,Tumbes,240000,PE-TUM,Tumbes,4668.5,9,-3.571111111,-80.45916667,160
302,2016,25,25,Ucayali,250000,PE-UCA,Pucallpa,102199.28,162,-8.368055556,-74.54333333,3338
303,2017,1,1,Amazonas,10000,PE-AMA,Chachapoyas,39249.13,2338,-6.229444444,-77.87277778,0
304,2017,2,2,Ancash,20000,PE-ANC,Huaraz,35881.3,3073,-9.529722222,-77.52916667,2136
305,2017,3,3,Apurimac,30000,PE-APU,Abancay,20895.77,2500,-13.62888889,-72.88611111,1418
306,2017,4,4,Arequipa,40000,PE-ARE,Arequipa,63343.95,2429,-16.39333333,-71.52888889,1381
307,2017,5,5,Ayacucho,50000,PE-AYA,Ayacucho,43803.26,2797,-13.16027778,-74.22527778,2959
308,2017,6,6,Cajamarca,60000,PE-CAJ,Cajamarca,33304.32,2731,-7.154722222,-78.51083333,1401
309,2017,7,7,Callao,70000,PE-CAL,Callao,145.91,27,-12.06305556,-77.14694444,0
310,2017,8,8,Cusco,80000,PE-CUS,Cusco,71986.5,3439,-13.51916667,-71.97666667,555
311,2017,9,9,Huancavelica,90000,PE-HUV,Huancavelica,22125.2,3746,-12.78694444,-74.97138889,647
312,2017,10,10,Huanuco,100000,PE-HUC,Huánuco,37263.44,1921,-9.93,-76.23972222,108
313,2017,11,11,Ica,110000,PE-ICA,Ica,21305.51,432,-14.06361111,-75.72916667,3692
314,2017,12,12,Junin,120000,PE-JUN,Huancayo,44328.8,3294,-12.07083333,-75.20888889,35
315,2017,13,13,La Libertad,130000,PE-LAL,Trujillo,25495.42,74,-8.1,-79.03055556,11560
316,2017,14,14,Lambayeque,140000,PE-LAM,Chiclayo,14461.52,28,-6.766944444,-79.85055556,3128
317,2017,15,15,Lima,150000,PE-LIM,Lima,34823.52,162.42,-12.04527778,-77.03083333,6690
318,2017,16,16,Loreto,160000,PE-LOR,Iquitos,368799.48,107,-3.748055556,-73.24416667,2165
319,2017,17,17,Madre de Dios,170000,PE-MDD,Puerto Maldonado,85300.54,204,-12.59361111,-69.17666667,49
320,2017,18,18,Moquegua,180000,PE-MOQ,Moquegua,15733.88,1428,-17.19416667,-70.93333333,64
321,2017,19,19,Pasco,190000,PE-PAS,Cerro de Pasco,25025.84,4373,-10.6825,-76.25694444,41
322,2017,20,20,Piura,200000,PE-PIU,Piura,35656.18,57,-5.1525,-80.65777778,11024
323,2017,21,21,Puno,210000,PE-PUN,Puno,66993.52,3848,-15.84027778,-70.02805556,207
324,2017,22,22,San Martin,220000,PE-SAM,Moyobamba,51305.78,895,-6.034722222,-76.97416667,472
325,2017,23,23,Tacna,230000,PE-TAC,Tacna,16075.73,583,-18.00194444,-70.25194444,16
326,2017,24,24,Tumbes,240000,PE-TUM,Tumbes,4668.5,9,-3.571111111,-80.45916667,3668
327,2017,25,25,Ucayali,250000,PE-UCA,Pucallpa,102199.28,162,-8.368055556,-74.54333333,1995
328,2018,1,1,Amazonas,10000,PE-AMA,Chachapoyas,39249.13,2338,-6.229444444,-77.87277778,0
329,2018,2,2,Ancash,20000,PE-ANC,Huaraz,35881.3,3073,-9.529722222,-77.52916667,30
330,2018,3,3,Apurimac,30000,PE-APU,Abancay,20895.77,2500,-13.62888889,-72.88611111,993
331,2018,4,4,Arequipa,40000,PE-ARE,Arequipa,63343.95,2429,-16.39333333,-71.52888889,677
332,2018,5,5,Ayacucho,50000,PE-AYA,Ayacucho,43803.26,2797,-13.16027778,-74.22527778,12509
333,2018,6,6,Cajamarca,60000,PE-CAJ,Cajamarca,33304.32,2731,-7.154722222,-78.51083333,2
334,2018,7,7,Callao,70000,PE-CAL,Callao,145.91,27,-12.06305556,-77.14694444,0
335,2018,8,8,Cusco,80000,PE-CUS,Cusco,71986.5,3439,-13.51916667,-71.97666667,4273
336,2018,9,9,Huancavelica,90000,PE-HUV,Huancavelica,22125.2,3746,-12.78694444,-74.97138889,3053
337,2018,10,10,Huanuco,100000,PE-HUC,Huánuco,37263.44,1921,-9.93,-76.23972222,347
338,2018,11,11,Ica,110000,PE-ICA,Ica,21305.51,432,-14.06361111,-75.72916667,0
339,2018,12,12,Junin,120000,PE-JUN,Huancayo,44328.8,3294,-12.07083333,-75.20888889,1758
340,2018,13,13,La Libertad,130000,PE-LAL,Trujillo,25495.42,74,-8.1,-79.03055556,66
341,2018,14,14,Lambayeque,140000,PE-LAM,Chiclayo,14461.52,28,-6.766944444,-79.85055556,1493
342,2018,15,15,Lima,150000,PE-LIM,Lima,34823.52,162.42,-12.04527778,-77.03083333,11
343,2018,16,16,Loreto,160000,PE-LOR,Iquitos,368799.48,107,-3.748055556,-73.24416667,0
344,2018,17,17,Madre de Dios,170000,PE-MDD,Puerto Maldonado,85300.54,204,-12.59361111,-69.17666667,0
345,2018,18,18,Moquegua,180000,PE-MOQ,Moquegua,15733.88,1428,-17.19416667,-70.93333333,26
346,2018,19,19,Pasco,190000,PE-PAS,Cerro de Pasco,25025.84,4373,-10.6825,-76.25694444,241
347,2018,20,20,Piura,200000,PE-PIU,Piura,35656.18,57,-5.1525,-80.65777778,12
348,2018,21,21,Puno,210000,PE-PUN,Puno,66993.52,3848,-15.84027778,-70.02805556,12
349,2018,22,22,San Martin,220000,PE-SAM,Moyobamba,51305.78,895,-6.034722222,-76.97416667,78
350,2018,23,23,Tacna,230000,PE-TAC,Tacna,16075.73,583,-18.00194444,-70.25194444,0
351,2018,24,24,Tumbes,240000,PE-TUM,Tumbes,4668.5,9,-3.571111111,-80.45916667,0
352,2018,25,25,Ucayali,250000,PE-UCA,Pucallpa,102199.28,162,-8.368055556,-74.54333333,281
353,2019,1,1,Amazonas,10000,PE-AMA,Chachapoyas,39249.13,2338,-6.229444444,-77.87277778,530
354,2019,2,2,Ancash,20000,PE-ANC,Huaraz,35881.3,3073,-9.529722222,-77.52916667,1698
355,2019,3,3,Apurimac,30000,PE-APU,Abancay,20895.77,2500,-13.62888889,-72.88611111,946
356,2019,4,4,Arequipa,40000,PE-ARE,Arequipa,63343.95,2429,-16.39333333,-71.52888889,2707
357,2019,5,5,Ayacucho,50000,PE-AYA,Ayacucho,43803.26,2797,-13.16027778,-74.22527778,620
358,2019,6,6,Cajamarca,60000,PE-CAJ,Cajamarca,33304.32,2731,-7.154722222,-78.51083333,222
359,2019,7,7,Callao,70000,PE-CAL,Callao,145.91,27,-12.06305556,-77.14694444,0
360,2019,8,8,Cusco,80000,PE-CUS,Cusco,71986.5,3439,-13.51916667,-71.97666667,1439
361,2019,9,9,Huancavelica,90000,PE-HUV,Huancavelica,22125.2,3746,-12.78694444,-74.97138889,2765
362,2019,10,10,Huanuco,100000,PE-HUC,Huánuco,37263.44,1921,-9.93,-76.23972222,2005
363,2019,11,11,Ica,110000,PE-ICA,Ica,21305.51,432,-14.06361111,-75.72916667,0
364,2019,12,12,Junin,120000,PE-JUN,Huancayo,44328.8,3294,-12.07083333,-75.20888889,992
365,2019,13,13,La Libertad,130000,PE-LAL,Trujillo,25495.42,74,-8.1,-79.03055556,35
366,2019,14,14,Lambayeque,140000,PE-LAM,Chiclayo,14461.52,28,-6.766944444,-79.85055556,61
367,2019,15,15,Lima,150000,PE-LIM,Lima,34823.52,162.42,-12.04527778,-77.03083333,0
368,2019,16,16,Loreto,160000,PE-LOR,Iquitos,368799.48,107,-3.748055556,-73.24416667,6803
369,2019,17,17,Madre de Dios,170000,PE-MDD,Puerto Maldonado,85300.54,204,-12.59361111,-69.17666667,0
370,2019,18,18,Moquegua,180000,PE-MOQ,Moquegua,15733.88,1428,-17.19416667,-70.93333333,489
371,2019,19,19,Pasco,190000,PE-PAS,Cerro de Pasco,25025.84,4373,-10.6825,-76.25694444,7106
372,2019,20,20,Piura,200000,PE-PIU,Piura,35656.18,57,-5.1525,-80.65777778,96
373,2019,21,21,Puno,210000,PE-PUN,Puno,66993.52,3848,-15.84027778,-70.02805556,5
374,2019,22,22,San Martin,220000,PE-SAM,Moyobamba,51305.78,895,-6.034722222,-76.97416667,0
375,2019,23,23,Tacna,230000,PE-TAC,Tacna,16075.73,583,-18.00194444,-70.25194444,757
376,2019,24,24,Tumbes,240000,PE-TUM,Tumbes,4668.5,9,-3.571111111,-80.45916667,5
377,2019,25,25,Ucayali,250000,PE-UCA,Pucallpa,102199.28,162,-8.368055556,-74.54333333,3735
378,2020,1,1,Amazonas,10000,PE-AMA,Chachapoyas,39249.13,2338,-6.229444444,-77.87277778,55
379,2020,2,2,Ancash,20000,PE-ANC,Huaraz,35881.3,3073,-9.529722222,-77.52916667,688
380,2020,3,3,Apurimac,30000,PE-APU,Abancay,20895.77,2500,-13.62888889,-72.88611111,5111
381,2020,4,4,Arequipa,40000,PE-ARE,Arequipa,63343.95,2429,-16.39333333,-71.52888889,430
382,2020,5,5,Ayacucho,50000,PE-AYA,Ayacucho,43803.26,2797,-13.16027778,-74.22527778,8965
383,2020,6,6,Cajamarca,60000,PE-CAJ,Cajamarca,33304.32,2731,-7.154722222,-78.51083333,1532
384,2020,7,7,Callao,70000,PE-CAL,Callao,145.91,27,-12.06305556,-77.14694444,0
385,2020,8,8,Cusco,80000,PE-CUS,Cusco,71986.5,3439,-13.51916667,-71.97666667,4568
386,2020,9,9,Huancavelica,90000,PE-HUV,Huancavelica,22125.2,3746,-12.78694444,-74.97138889,18737
387,2020,10,10,Huanuco,100000,PE-HUC,Huánuco,37263.44,1921,-9.93,-76.23972222,5472
388,2020,11,11,Ica,110000,PE-ICA,Ica,21305.51,432,-14.06361111,-75.72916667,672
389,2020,12,12,Junin,120000,PE-JUN,Huancayo,44328.8,3294,-12.07083333,-75.20888889,1654
390,2020,13,13,La Libertad,130000,PE-LAL,Trujillo,25495.42,74,-8.1,-79.03055556,371
391,2020,14,14,Lambayeque,140000,PE-LAM,Chiclayo,14461.52,28,-6.766944444,-79.85055556,1957
392,2020,15,15,Lima,150000,PE-LIM,Lima,34823.52,162.42,-12.04527778,-77.03083333,626
393,2020,16,16,Loreto,160000,PE-LOR,Iquitos,368799.48,107,-3.748055556,-73.24416667,15
394,2020,17,17,Madre de Dios,170000,PE-MDD,Puerto Maldonado,85300.54,204,-12.59361111,-69.17666667,6
395,2020,18,18,Moquegua,180000,PE-MOQ,Moquegua,15733.88,1428,-17.19416667,-70.93333333,852
396,2020,19,19,Pasco,190000,PE-PAS,Cerro de Pasco,25025.84,4373,-10.6825,-76.25694444,762
397,2020,20,20,Piura,200000,PE-PIU,Piura,35656.18,57,-5.1525,-80.65777778,3287
398,2020,21,21,Puno,210000,PE-PUN,Puno,66993.52,3848,-15.84027778,-70.02805556,4783
399,2020,22,22,San Martin,220000,PE-SAM,Moyobamba,51305.78,895,-6.034722222,-76.97416667,2
400,2020,23,23,Tacna,230000,PE-TAC,Tacna,16075.73,583,-18.00194444,-70.25194444,2437
401,2020,24,24,Tumbes,240000,PE-TUM,Tumbes,4668.5,9,-3.571111111,-80.45916667,0
402,2020,25,25,Ucayali,250000,PE-UCA,Pucallpa,102199.28,162,-8.368055556,-74.54333333,294
403,2021,1,1,Amazonas,10000,PE-AMA,Chachapoyas,39249.13,2338,-6.229444444,-77.87277778,1102
404,2021,2,2,Ancash,20000,PE-ANC,Huaraz,35881.3,3073,-9.529722222,-77.52916667,60
405,2021,3,3,Apurimac,30000,PE-APU,Abancay,20895.77,2500,-13.62888889,-72.88611111,2220
406,2021,4,4,Arequipa,40000,PE-ARE,Arequipa,63343.95,2429,-16.39333333,-71.52888889,118
407,2021,5,5,Ayacucho,50000,PE-AYA,Ayacucho,43803.26,2797,-13.16027778,-74.22527778,19626
408,2021,6,6,Cajamarca,60000,PE-CAJ,Cajamarca,33304.32,2731,-7.154722222,-78.51083333,4157
409,2021,7,7,Callao,70000,PE-CAL,Callao,145.91,27,-12.06305556,-77.14694444,0
410,2021,8,8,Cusco,80000,PE-CUS,Cusco,71986.5,3439,-13.51916667,-71.97666667,7813
411,2021,9,9,Huancavelica,90000,PE-HUV,Huancavelica,22125.2,3746,-12.78694444,-74.97138889,21348
412,2021,10,10,Huanuco,100000,PE-HUC,Huánuco,37263.44,1921,-9.93,-76.23972222,16105
413,2021,11,11,Ica,110000,PE-ICA,Ica,21305.51,432,-14.06361111,-75.72916667,3639
414,2021,12,12,Junin,120000,PE-JUN,Huancayo,44328.8,3294,-12.07083333,-75.20888889,7969
415,2021,13,13,La Libertad,130000,PE-LAL,Trujillo,25495.42,74,-8.1,-79.03055556,639
416,2021,14,14,Lambayeque,140000,PE-LAM,Chiclayo,14461.52,28,-6.766944444,-79.85055556,69
417,2021,15,15,Lima,150000,PE-LIM,Lima,34823.52,162.42,-12.04527778,-77.03083333,176
418,2021,16,16,Loreto,160000,PE-LOR,Iquitos,368799.48,107,-3.748055556,-73.24416667,3141
419,2021,17,17,Madre de Dios,170000,PE-MDD,Puerto Maldonado,85300.54,204,-12.59361111,-69.17666667,2897
420,2021,18,18,Moquegua,180000,PE-MOQ,Moquegua,15733.88,1428,-17.19416667,-70.93333333,263
421,2021,19,19,Pasco,190000,PE-PAS,Cerro de Pasco,25025.84,4373,-10.6825,-76.25694444,370
422,2021,20,20,Piura,200000,PE-PIU,Piura,35656.18,57,-5.1525,-80.65777778,365
423,2021,21,21,Puno,210000,PE-PUN,Puno,66993.52,3848,-15.84027778,-70.02805556,4556
424,2021,22,22,San Martin,220000,PE-SAM,Moyobamba,51305.78,895,-6.034722222,-76.97416667,176
425,2021,23,23,Tacna,230000,PE-TAC,Tacna,16075.73,583,-18.00194444,-70.25194444,227
426,2021,24,24,Tumbes,240000,PE-TUM,Tumbes,4668.5,9,-3.571111111,-80.45916667,24
427,2021,25,25,Ucayali,250000,PE-UCA,Pucallpa,102199.28,162,-8.368055556,-74.54333333,2603
428,2022,1,1,Amazonas,10000,PE-AMA,Chachapoyas,39249.13,2338,-6.229444444,-77.87277778,3678
429,2022,2,2,Ancash,20000,PE-ANC,Huaraz,35881.3,3073,-9.529722222,-77.52916667,43
430,2022,3,3,Apurimac,30000,PE-APU,Abancay,20895.77,2500,-13.62888889,-72.88611111,5508
431,2022,4,4,Arequipa,40000,PE-ARE,Arequipa,63343.95,2429,-16.39333333,-71.52888889,548
432,2022,5,5,Ayacucho,50000,PE-AYA,Ayacucho,43803.26,2797,-13.16027778,-74.22527778,18355
433,2022,6,6,Cajamarca,60000,PE-CAJ,Cajamarca,33304.32,2731,-7.154722222,-78.51083333,1291
434,2022,7,7,Callao,70000,PE-CAL,Callao,145.91,27,-12.06305556,-77.14694444,0
435,2022,8,8,Cusco,80000,PE-CUS,Cusco,71986.5,3439,-13.51916667,-71.97666667,4415
436,2022,9,9,Huancavelica,90000,PE-HUV,Huancavelica,22125.2,3746,-12.78694444,-74.97138889,12097
437,2022,10,10,Huanuco,100000,PE-HUC,Huánuco,37263.44,1921,-9.93,-76.23972222,4053
438,2022,11,11,Ica,110000,PE-ICA,Ica,21305.51,432,-14.06361111,-75.72916667,0
439,2022,12,12,Junin,120000,PE-JUN,Huancayo,44328.8,3294,-12.07083333,-75.20888889,811
440,2022,13,13,La Libertad,130000,PE-LAL,Trujillo,25495.42,74,-8.1,-79.03055556,123
441,2022,14,14,Lambayeque,140000,PE-LAM,Chiclayo,14461.52,28,-6.766944444,-79.85055556,7
442,2022,15,15,Lima,150000,PE-LIM,Lima,34823.52,162.42,-12.04527778,-77.03083333,435
443,2022,16,16,Loreto,160000,PE-LOR,Iquitos,368799.48,107,-3.748055556,-73.24416667,1217
444,2022,17,17,Madre de Dios,170000,PE-MDD,Puerto Maldonado,85300.54,204,-12.59361111,-69.17666667,16
445,2022,18,18,Moquegua,180000,PE-MOQ,Moquegua,15733.88,1428,-17.19416667,-70.93333333,199
446,2022,19,19,Pasco,190000,PE-PAS,Cerro de Pasco,25025.84,4373,-10.6825,-76.25694444,1147
447,2022,20,20,Piura,200000,PE-PIU,Piura,35656.18,57,-5.1525,-80.65777778,423
448,2022,21,21,Puno,210000,PE-PUN,Puno,66993.52,3848,-15.84027778,-70.02805556,18468
449,2022,22,22,San Martin,220000,PE-SAM,Moyobamba,51305.78,895,-6.034722222,-76.97416667,54
450,2022,23,23,Tacna,230000,PE-TAC,Tacna,16075.73,583,-18.00194444,-70.25194444,33
451,2022,24,24,Tumbes,240000,PE-TUM,Tumbes,4668.5,9,-3.571111111,-80.45916667,82
452,2022,25,25,Ucayali,250000,PE-UCA,Pucallpa,102199.28,162,-8.368055556,-74.54333333,1537
