index,year,region_id,region,artisan,livestock_fisher_miner_quarry,driver,house_worker,manager_administrator_professional,salesperson,service_worker,worker,total,total_pea_thousands
1,2004,0,Nacional,10.16532,33.54748,4.35356,3.68788,11.41175,16.71348,11.88863,3.42605,100,13059.8
2,2004,1,Amazonas,5.49568,63.87753,2.73376,1.85209,7.47653,9.84951,5.42942,1.88938,100,206
3,2004,2,Ancash,7.55066,48.7703,3.26588,1.85187,7.78901,13.05102,10.87831,3.36128,100,541.1
4,2004,3,Apurimac,4.65737,65.4227,1.21371,0.79762,8.01024,9.77932,5.84455,1.87393,100,213.2
5,2004,4,Arequipa,11.93888,22.28023,5.57626,3.94137,14.18426,17.22596,15.72993,4.33522,100,542.6
6,2004,5,Ayacucho,4.35721,66.18433,1.93267,1.00976,6.97113,9.95384,4.46886,3.1129,100,295.3
7,2004,6,Cajamarca,8.61224,64.62148,2.13466,1.81758,4.78437,8.50923,5.15449,2.89421,100,777.8
8,2004,7,Callao,14.01687,0.6196,4.62861,6.2437,14.76003,24.15723,20.73283,5.50024,100,326.6
9,2004,8,Cusco,6.91202,51.00255,2.71313,2.04367,7.84748,14.06521,10.01128,3.20309,100,632
10,2004,9,Huancavelica,1.98437,81.17149,0.97975,0.93972,4.19217,6.35896,2.06787,1.65598,100,225.6
11,2004,10,Huanuco,4.47361,66.78084,2.31064,1.63127,6.58631,10.45306,5.80051,1.29693,100,392.6
12,2004,11,Ica,10.19617,24.75785,6.16964,2.6833,12.18772,19.09134,16.0282,3.57499,100,311.8
13,2004,12,Junin,6.72376,47.24572,3.3464,1.39987,10.23472,17.43617,8.71925,2.20137,100,595.4
14,2004,13,La Libertad,12.20668,33.2335,4.77646,4.25963,9.78751,18.17497,10.95199,2.81446,100,713
15,2004,14,Lambayeque,10.09351,27.9393,6.18257,4.10396,10.54912,21.06663,11.07614,3.58991,100,528
16,2004,15,Lima,14.66396,5.38147,5.78175,6.5084,17.59588,20.90676,16.25612,4.3921,100,3831
17,2004,16,Loreto,6.66088,43.18254,3.76273,2.7028,10.87727,17.08885,8.65376,3.00255,100,423.1
18,2004,17,Madre de Dios,8.55699,26.41155,9.05888,1.48747,11.73358,16.82836,19.3656,2.79265,100,50.8
19,2004,18,Moquegua,8.43936,36.37501,5.62233,2.04103,11.90624,14.17575,10.08493,5.44553,100,84.8
20,2004,19,Pasco,7.40268,47.76141,3.61766,1.41094,8.66699,15.4142,9.32253,3.86038,100,121.5
21,2004,20,Piura,9.60116,37.12053,4.25065,3.21174,6.93127,17.65626,15.36206,3.16816,100,737.5
22,2004,21,Puno,7.96856,57.93265,2.95627,1.15215,6.81198,12.58391,6.29023,2.51365,100,688.3
23,2004,22,San Martin,5.29247,62.09965,2.40554,2.38213,7.62832,9.94277,5.69612,2.31347,100,365.3
24,2004,23,Tacna,9.14344,18.68058,5.9656,2.82078,12.80467,22.38802,16.18609,4.2648,100,154.9
25,2004,24,Tumbes,7.50441,32.02843,5.09023,2.76697,10.00602,18.369,15.29669,4.35947,100,105.8
26,2004,25,Ucayali,10.02263,31.31736,7.35874,2.26002,10.43048,17.7752,13.7136,1.93822,100,195.8
27,2005,0,Nacional,10.13373,33.16213,4.5181,3.65561,11.35085,16.70149,12.02563,3.43887,100,13120.4
28,2005,1,Amazonas,6.27249,63.77187,2.79576,2.08838,5.65549,10.89285,5.50529,1.83248,100,197.7
29,2005,2,Ancash,8.77918,45.70575,3.05347,1.84831,7.78815,14.27962,9.69728,5.18045,100,531.7
30,2005,3,Apurimac,1.80057,64.94316,2.12023,1.29892,7.67618,10.28943,6.79728,3.53314,100,198.3
31,2005,4,Arequipa,11.57961,19.695,5.44403,4.17003,14.21616,18.73067,15.63793,3.40317,100,545.9
32,2005,5,Ayacucho,4.25108,66.56478,1.47392,1.9305,6.62138,10.25718,4.27824,3.08383,100,305.1
33,2005,6,Cajamarca,8.59052,64.19853,1.74572,1.71332,6.16357,8.88918,4.27901,2.55981,100,790.4
34,2005,7,Callao,13.0939,0.41264,6.46897,5.82692,17.41903,19.81718,23.22788,5.14236,100,354
35,2005,8,Cusco,7.46009,51.27022,2.84323,1.80038,8.95413,13.86413,8.11119,3.40442,100,666.7
36,2005,9,Huancavelica,1.5817,79.77963,0.59632,1.01276,4.73997,6.07685,3.48281,1.76455,100,215.2
37,2005,10,Huanuco,5.22682,64.82522,2.58164,2.09617,6.32257,11.99015,3.9593,1.87546,100,395.9
38,2005,11,Ica,11.11975,26.10992,5.01127,3.31687,11.70068,19.57031,14.31442,4.55146,100,331.9
39,2005,12,Junin,7.80885,45.86208,4.2788,1.57178,8.17276,16.56934,8.94401,3.46926,100,601.7
40,2005,13,La Libertad,10.05126,32.87094,4.78144,3.30266,10.78114,20.21078,11.4748,2.28087,100,735.7
41,2005,14,Lambayeque,8.49046,29.08743,5.36663,4.22495,11.05146,22.08284,10.0828,4.45265,100,523.8
42,2005,15,Lima,14.83197,5.17143,6.42486,6.27826,17.45728,20.2734,17.28997,3.50464,100,3732.9
43,2005,16,Loreto,8.13934,42.58254,3.39753,2.58913,9.70328,17.37843,9.16364,3.28897,100,419.7
44,2005,17,Madre de Dios,5.91692,28.59284,6.79275,1.05527,10.99726,22.3202,16.18318,3.07886,100,53.1
45,2005,18,Moquegua,10.38921,35.03857,5.10378,1.80164,11.60198,13.25966,10.89838,6.23363,100,87.7
46,2005,19,Pasco,5.72527,46.66401,4.03673,1.55952,8.95868,15.7367,10.897,2.83698,100,118.1
47,2005,20,Piura,8.57682,36.78622,4.62167,4.15658,6.17096,16.36571,16.24089,3.86391,100,753.7
48,2005,21,Puno,8.46724,58.3293,1.98916,1.44321,6.94462,11.73547,6.06054,3.17298,100,728.9
49,2005,22,San Martin,6.41035,57.15926,3.62004,2.05522,7.18355,12.02707,6.09311,2.23132,100,374.6
50,2005,23,Tacna,7.30715,19.58438,7.19849,2.56352,13.07069,25.44649,12.82141,5.72684,100,150.2
51,2005,24,Tumbes,9.26842,27.27994,5.72721,3.21715,10.34131,18.70089,16.0542,4.20091,100,109.1
52,2005,25,Ucayali,11.1147,29.32285,6.49734,2.41158,9.67776,16.70339,15.39057,3.89105,100,198.5
53,2006,0,Nacional,10.52083,32.04412,4.81137,3.90428,11.07578,16.69396,12.12372,3.5085,100,13683
54,2006,1,Amazonas,5.38904,62.87711,2.79725,1.68437,7.27575,9.86031,5.43581,3.10182,100,203.2
55,2006,2,Ancash,10.17387,42.73078,3.24114,2.24911,8.23694,12.52649,11.67301,5.7575,100,551.7
56,2006,3,Apurimac,3.71432,65.1655,1.58641,1.70839,5.97051,11.98925,4.5011,2.50465,100,228.2
57,2006,4,Arequipa,11.45244,19.06464,5.8416,3.41164,15.3896,18.58712,14.37,3.81844,100,568.3
58,2006,5,Ayacucho,4.5983,64.86365,1.90933,1.54522,5.82883,11.18637,5.51366,2.71402,100,312.5
59,2006,6,Cajamarca,9.86207,62.4888,2.58878,1.29455,5.65115,10.13344,4.67143,2.02032,100,816.9
60,2006,7,Callao,16.37852,0.97194,6.54644,6.35116,11.51088,19.24254,21.63016,6.09812,100,349
61,2006,8,Cusco,6.8035,51.11069,2.60734,2.64258,9.9601,11.85861,9.13984,2.90206,100,677.6
62,2006,9,Huancavelica,1.47184,78.04586,0.50023,0.93196,4.23864,7.7919,3.5059,1.56749,100,217.8
63,2006,10,Huanuco,3.67611,64.5434,3.50757,2.34363,6.00992,10.57723,6.27653,1.79941,100,405.1
64,2006,11,Ica,12.39748,24.87514,5.34676,4.04726,11.04384,18.06919,16.39397,3.68123,100,333.9
65,2006,12,Junin,6.48386,47.29566,3.25638,1.6066,11.73573,15.34057,8.52238,2.43044,100,625.4
66,2006,13,La Libertad,10.9959,33.81356,6.22158,3.12181,8.79377,19.21589,11.67431,2.75697,100,770.6
67,2006,14,Lambayeque,9.4002,27.75217,6.96124,3.47045,10.11446,19.76434,13.88157,3.95828,100,524.1
68,2006,15,Lima,15.05829,5.19326,6.43867,7.13581,15.95572,20.87113,16.4708,3.63049,100,4067.4
69,2006,16,Loreto,7.38499,39.04161,3.74085,2.96826,11.81261,17.31363,9.73493,3.56779,100,432.6
70,2006,17,Madre de Dios,7.32572,24.49993,8.99106,1.86881,15.79681,17.60444,17.82266,1.89796,100,56.4
71,2006,18,Moquegua,7.13079,33.17848,6.46614,1.45,10.95213,13.17542,12.02124,8.65386,100,87.2
72,2006,19,Pasco,6.831,45.46819,4.29497,1.92152,9.41148,14.13673,10.25728,4.9489,100,123.5
73,2006,20,Piura,10.42814,34.29258,4.93622,3.08254,7.75387,18.05392,14.48974,3.84362,100,761.9
74,2006,21,Puno,8.92071,55.65796,2.18931,1.15175,7.23095,14.19651,4.67848,3.73641,100,727.7
75,2006,22,San Martin,5.67324,58.09877,3.60373,2.19641,6.06586,10.15155,8.43074,2.64072,100,375.4
76,2006,23,Tacna,7.43972,17.90595,6.39673,2.62213,14.4786,23.75973,15.55382,4.85005,100,154.1
77,2006,24,Tumbes,7.80847,32.21441,4.26678,3.17559,9.67346,17.75317,14.35961,6.55951,100,111.9
78,2006,25,Ucayali,8.77623,28.79232,8.27451,3.39916,9.84802,15.4339,16.70135,4.70534,100,200.6
79,2007,0,Nacional,11.21962,28.51126,4.99761,3.63397,12.44487,16.84724,13.15464,3.76689,100,14197.2
80,2007,1,Amazonas,5.53429,63.90084,2.75994,1.71592,6.68353,9.79957,6.00375,1.71095,100,215.7
81,2007,2,Ancash,8.65806,41.82861,3.43943,1.50532,9.58816,14.03172,11.2156,5.69258,100,548.1
82,2007,3,Apurimac,3.31167,65.61495,1.93538,1.35225,7.4073,9.85618,6.25779,2.70134,100,230
83,2007,4,Arequipa,12.16136,19.88536,6.48444,3.14682,14.036,18.20212,17.38592,2.96554,100,600.3
84,2007,5,Ayacucho,4.64645,56.34508,2.51884,1.9683,9.0859,13.41393,6.47966,3.40046,100,309.1
85,2007,6,Cajamarca,9.14698,58.59911,2.32489,2.35729,6.76025,9.08428,6.38686,3.21704,100,795
86,2007,7,Callao,15.27577,1.57244,5.44527,4.30099,15.37609,20.1402,22.24738,4.9838,100,438.7
87,2007,8,Cusco,7.68381,47.65801,4.08156,1.849,10.4837,14.37797,6.27534,4.6767,100,648.6
88,2007,9,Huancavelica,2.03852,72.61835,1.0633,1.26842,3.84944,9.58073,5.39668,2.10825,100,226.4
89,2007,10,Huanuco,6.97943,56.41918,3.26043,1.83901,6.66655,11.74098,9.08194,2.36559,100,405.2
90,2007,11,Ica,11.7881,21.01642,5.97943,3.45623,12.17583,19.42397,15.77715,5.48812,100,345.1
91,2007,12,Junin,10.48122,35.95589,5.10371,1.83076,13.0197,16.88338,10.64717,2.54959,100,617.2
92,2007,13,La Libertad,11.17016,27.13106,5.36504,3.99075,12.52366,19.36252,12.83627,3.44585,100,790.6
93,2007,14,Lambayeque,12.95965,26.93213,7.07262,3.40094,10.56692,19.54869,11.6288,3.58682,100,571.5
94,2007,15,Lima,15.66462,4.19868,5.61923,6.42349,18.06494,19.54752,17.38546,3.74547,100,4286.1
95,2007,16,Loreto,6.42626,38.84698,4.04533,3.54476,8.22526,18.82811,13.59827,3.36105,100,461.6
96,2007,17,Madre de Dios,8.2051,26.56086,9.21176,1.56904,13.45459,16.37349,16.95619,3.67166,100,62
97,2007,18,Moquegua,8.67405,32.86279,5.00253,1.87417,8.24358,14.41974,13.58695,10.17782,100,89.4
98,2007,19,Pasco,5.22831,44.75919,5.38794,1.79813,10.55794,13.21482,10.61359,4.94903,100,127.7
99,2007,20,Piura,10.51288,32.41709,6.46073,2.45311,8.86368,17.52854,15.65582,2.54759,100,828.8
100,2007,21,Puno,9.90451,51.13584,3.82982,0.6419,8.27217,13.85026,6.17936,4.25531,100,713.3
101,2007,22,San Martin,6.69761,49.94877,4.79655,2.05402,8.52112,12.64775,8.8339,3.92929,100,393.3
102,2007,23,Tacna,8.29175,16.80094,5.12501,2.14596,13.83907,24.0943,14.87793,7.0908,100,155.5
103,2007,24,Tumbes,7.52197,20.2144,11.07146,2.76958,9.86063,20.49388,16.26201,6.27937,100,118.5
104,2007,25,Ucayali,9.91886,25.63987,7.61653,2.51265,10.5427,18.69709,15.05787,5.32542,100,219.4
105,2008,0,Nacional,11.36403,27.90217,5.7113,3.30249,12.12494,16.89307,12.33049,3.92569,100,14459.2
106,2008,1,Amazonas,4.83076,63.04037,2.87399,1.30634,6.73108,10.04739,6.21013,3.07697,100,215.1
107,2008,2,Ancash,7.75173,42.64374,4.47798,2.13971,7.92135,13.13516,12.1611,5.40805,100,573.6
108,2008,3,Apurimac,4.16932,63.00442,2.99797,0.62746,6.79591,10.30361,5.87182,3.50818,100,233.7
109,2008,4,Arequipa,12.83572,16.43133,6.5912,2.75401,15.78749,17.41386,16.43941,4.87904,100,588.7
110,2008,5,Ayacucho,4.67392,55.83125,3.03711,1.98817,7.43258,15.34847,6.50038,2.26879,100,321.7
111,2008,6,Cajamarca,10.69136,59.81252,2.23936,1.56408,6.24006,8.75863,5.65829,2.90519,100,823.9
112,2008,7,Callao,16.18727,0.97091,6.84316,3.99347,13.89426,18.79966,19.76213,5.62504,100,444.1
113,2008,8,Cusco,8.15168,46.85251,3.13284,1.41333,9.2715,14.76038,6.89914,5.6624,100,683.7
114,2008,9,Huancavelica,2.20639,71.82568,0.76199,1.47845,5.33362,9.06229,5.54977,2.4806,100,229.5
115,2008,10,Huanuco,6.47326,57.26585,3.30672,2.4535,6.94426,10.58603,8.68491,2.34278,100,411.6
116,2008,11,Ica,13.67224,21.29209,7.45722,2.51739,12.41498,19.1795,13.84309,5.19971,100,358.8
117,2008,12,Junin,11.65309,37.70348,3.88269,1.53684,11.62335,15.2609,11.40008,3.2984,100,642.1
118,2008,13,La Libertad,12.41901,28.27257,5.58324,2.88513,10.97053,17.43448,12.43542,4.67699,100,807.8
119,2008,14,Lambayeque,10.72812,27.86041,7.44841,2.92904,9.26346,21.15223,11.96949,3.66436,100,574.4
120,2008,15,Lima,14.94042,3.66095,7.24735,5.99169,17.626,19.69066,16.13939,3.5335,100,4395
121,2008,16,Loreto,8.14512,32.54949,5.47399,2.8069,10.53884,19.15945,12.3412,4.247,100,442.1
122,2008,17,Madre de Dios,7.19971,26.49586,10.31123,0.42297,14.18487,18.49912,14.05112,4.05374,100,64.5
123,2008,18,Moquegua,10.39239,29.01692,6.59754,1.02716,9.91919,13.86552,11.29803,11.35115,100,87.2
124,2008,19,Pasco,6.8012,46.17551,3.77677,1.64273,10.67654,12.81477,9.38626,4.44512,100,127.1
125,2008,20,Piura,10.19987,32.01018,7.3989,2.60959,9.62711,18.94123,12.11776,3.62214,100,813.5
126,2008,21,Puno,9.96366,48.27588,4.52695,1.03694,8.31348,15.91087,5.90391,3.46838,100,717.7
127,2008,22,San Martin,7.46521,46.8368,5.99647,1.99245,8.87479,14.02601,7.75608,3.76134,100,392.2
128,2008,23,Tacna,11.57611,15.02175,4.85269,1.30878,13.85993,21.9005,17.54651,5.1429,100,164.6
129,2008,24,Tumbes,9.41402,20.58076,9.62499,1.3157,11.01805,22.4484,17.03139,4.02754,100,114.7
130,2008,25,Ucayali,11.25679,26.2805,7.77128,2.75899,9.19349,19.01844,13.68888,4.18326,100,231.8
131,2009,0,Nacional,10.96753,27.26546,5.59378,3.22258,12.62928,16.13277,13.89689,3.95863,100,14757.7
132,2009,1,Amazonas,4.9475,59.54841,4.35944,1.24215,7.464,11.65451,5.27569,2.6299,100,220.3
133,2009,2,Ancash,9.81023,37.87073,4.64659,1.95594,10.05317,14.2274,11.05466,6.41772,100,564.9
134,2009,3,Apurimac,3.80502,63.46829,2.02221,1.21443,7.08112,12.17723,3.90307,2.99396,100,226.8
135,2009,4,Arequipa,12.9651,16.37129,7.18944,2.35083,16.87864,16.42004,15.18069,5.06011,100,597.1
136,2009,5,Ayacucho,5.81615,55.42779,3.05119,1.63084,8.83459,13.2139,6.2856,3.09726,100,316.6
137,2009,6,Cajamarca,9.52455,58.74196,1.64332,2.1984,7.73889,8.39388,5.62714,3.17482,100,816.9
138,2009,7,Callao,14.9481,0.95076,6.38352,3.45308,15.05632,17.01559,23.55745,4.92699,100,468.7
139,2009,8,Cusco,7.7319,44.76394,3.76741,1.48416,8.98831,14.81802,8.85168,4.4573,100,700.4
140,2009,9,Huancavelica,3.50239,69.35349,1.4443,0.95249,5.56853,9.61453,5.0055,2.86298,100,233.3
141,2009,10,Huanuco,6.71307,56.2727,3.69797,1.8174,7.65843,10.59574,8.1484,3.19768,100,422.1
142,2009,11,Ica,13.85125,18.72697,7.9651,1.60954,12.33277,20.72784,14.54074,4.27642,100,367.3
143,2009,12,Junin,10.66525,38.5375,4.87665,1.14759,11.08857,15.60867,11.3955,2.79995,100,642
144,2009,13,La Libertad,12.5691,27.41434,4.22694,2.05086,10.85079,17.99255,16.12723,4.69774,100,864.4
145,2009,14,Lambayeque,11.62539,28.0402,6.99592,3.08673,10.11006,18.91847,13.50043,3.76869,100,604.9
146,2009,15,Lima,13.84719,3.7916,6.65155,5.91498,18.36947,18.50445,19.02768,3.50133,100,4469.3
147,2009,16,Loreto,7.91046,34.47537,5.29166,2.89571,9.29823,17.27666,13.07863,3.72705,100,448.3
148,2009,17,Madre de Dios,6.81505,26.13784,9.67136,0.68426,16.2373,15.56379,15.48368,3.8365,100,66.9
149,2009,18,Moquegua,9.18174,28.85013,6.71127,0.67503,12.07685,13.66327,13.12358,7.87701,100,90.1
150,2009,19,Pasco,5.39819,46.03946,5.09853,1.02738,11.98267,11.69197,11.40339,4.37014,100,148.3
151,2009,20,Piura,10.7845,29.70352,6.92639,3.32055,8.87518,17.64667,14.21481,4.21625,100,848.8
152,2009,21,Puno,8.80337,48.68558,5.64895,1.14128,8.16399,14.14182,6.54388,4.58298,100,735.7
153,2009,22,San Martin,6.13618,47.77699,5.72832,2.15096,8.85694,12.40543,9.49961,3.64027,100,390.3
154,2009,23,Tacna,10.18975,17.59361,6.55253,2.21462,14.59118,18.97061,17.3579,5.94456,100,157.1
155,2009,24,Tumbes,9.66916,17.76137,10.13593,1.77109,11.90014,20.14933,19.16696,4.84203,100,116.1
156,2009,25,Ucayali,11.72671,25.18015,7.67612,2.19217,9.68727,17.31166,17.32933,4.07468,100,241.1
157,2010,0,Nacional,11.38881,26.03503,5.78038,3.15318,12.38892,16.37581,14.26928,4.37983,100,15089.9
158,2010,1,Amazonas,5.18426,58.02097,4.56192,1.31796,5.93243,12.36616,6.36078,3.73991,100,226.1
159,2010,2,Ancash,9.93406,36.46143,5.42463,1.81714,9.79835,13.77547,12.01236,7.13085,100,573.2
160,2010,3,Apurimac,2.32405,62.21008,1.78819,0.67903,7.99335,12.49417,5.40636,4.90622,100,231.1
161,2010,4,Arequipa,12.59031,16.85193,6.26084,2.44579,18.6954,16.7176,16.18615,3.51189,100,615.8
162,2010,5,Ayacucho,6.26989,51.67247,2.57391,0.69893,8.326,14.92444,7.23017,4.38208,100,320.6
163,2010,6,Cajamarca,8.95299,55.43213,2.73677,2.0369,8.61525,8.73302,7.32162,3.86333,100,801.7
164,2010,7,Callao,14.39354,1.15895,6.21232,4.80379,15.33052,17.13086,22.70414,5.31691,100,480
165,2010,8,Cusco,8.57127,43.21945,3.79308,0.78336,9.88308,14.78505,8.3706,6.59412,100,692.8
166,2010,9,Huancavelica,3.40493,69.53502,1.86165,1.26845,4.74426,9.64157,4.79039,2.90601,100,232.4
167,2010,10,Huanuco,6.66549,55.60784,2.97865,1.57861,8.40194,9.8949,8.38901,3.59931,100,424.1
168,2010,11,Ica,13.43098,18.14001,7.81676,2.31242,12.63081,17.21647,17.57227,5.64965,100,377.4
169,2010,12,Junin,12.53583,34.86411,5.85833,0.96839,10.31464,15.8608,11.9937,3.92384,100,656.1
170,2010,13,La Libertad,13.65035,26.77468,6.11103,3.05906,10.83354,17.73767,13.66354,3.94391,100,889.7
171,2010,14,Lambayeque,10.51393,25.84963,6.95865,3.40123,10.40471,20.91225,13.03563,4.97089,100,612.4
172,2010,15,Lima,15.05709,3.43174,6.97609,5.59417,17.07042,19.31337,18.88969,3.48253,100,4614.3
173,2010,16,Loreto,6.66652,31.93435,5.60527,2.9554,9.60605,16.99508,15.49169,5.12589,100,455.6
174,2010,17,Madre de Dios,8.69721,24.16741,8.81334,0.72024,13.08969,18.8411,16.45199,3.08629,100,69.3
175,2010,18,Moquegua,10.31238,25.03955,6.76117,1.72712,13.59835,12.18145,12.86296,10.23468,100,94.9
176,2010,19,Pasco,5.93455,45.4002,5.57543,1.43493,10.70413,12.50541,10.57048,4.02659,100,149
177,2010,20,Piura,10.13587,30.78937,6.67693,3.11097,7.36372,18.00446,14.75888,5.55194,100,859.8
178,2010,21,Puno,9.44011,48.43019,4.21719,0.82087,7.8214,13.55395,8.10451,4.24615,100,759.2
179,2010,22,San Martin,6.64027,44.20747,4.4661,1.85111,10.80964,11.67026,11.08939,4.4175,100,418.3
180,2010,23,Tacna,11.58645,14.65527,6.40207,1.95821,17.65352,17.31362,15.47243,6.3276,100,166.8
181,2010,24,Tumbes,9.08984,15.43487,10.04206,1.60142,12.0433,19.42904,20.10951,5.97543,100,120.2
182,2010,25,Ucayali,10.0525,25.04716,8.37864,1.6743,10.10236,16.03099,19.87637,3.89008,100,248.8
183,2011,0,Nacional,11.39582,26.16574,6.07729,2.71864,12.69146,16.0118,14.02303,4.01076,100,15307.3
184,2011,1,Amazonas,4.75326,61.78349,3.3627,1.20018,6.71671,11.50907,5.53755,2.93384,100,229.6
185,2011,2,Ancash,9.78655,34.27583,5.00099,1.54366,10.11849,13.91608,15.00626,5.6154,100,572.9
186,2011,3,Apurimac,4.62568,57.81561,2.40672,0.69831,7.13246,12.54209,7.63345,3.86026,100,238.1
187,2011,4,Arequipa,14.37624,18.80407,8.32636,2.67647,14.19401,15.15126,14.27081,5.07872,100,635.1
188,2011,5,Ayacucho,7.27592,53.05039,3.55176,1.11155,9.12624,12.33516,7.38809,3.23804,100,332.8
189,2011,6,Cajamarca,8.06217,56.37973,2.69175,0.99067,10.04049,9.03116,6.4581,4.05332,100,803.8
190,2011,7,Callao,15.83381,0.96678,7.38364,4.08451,16.28976,18.26484,22.18649,4.81402,100,482.3
191,2011,8,Cusco,9.31239,41.84902,3.28184,0.8582,9.9521,16.24267,10.06607,3.48888,100,715.5
192,2011,9,Huancavelica,4.06767,67.85344,2.01288,0.96839,5.48772,10.91156,4.75104,1.61826,100,241.5
193,2011,10,Huanuco,6.4226,53.15854,4.10806,1.05824,9.34868,10.93221,8.59484,2.71993,100,429.2
194,2011,11,Ica,12.58346,18.14367,8.88738,1.83782,11.7819,19.58571,16.38594,5.07213,100,389.4
195,2011,12,Junin,10.57222,36.94151,4.70838,0.93575,10.62996,13.57447,13.08282,3.86606,100,675.3
196,2011,13,La Libertad,13.67195,27.4839,6.79487,3.06561,9.46172,16.63818,13.23388,4.63433,100,876.7
197,2011,14,Lambayeque,10.56055,24.03464,7.90892,3.74489,9.77856,20.16059,13.97424,4.68315,100,610.2
198,2011,15,Lima,15.26678,3.53429,6.87209,4.59486,18.1506,18.07413,18.30141,3.48402,100,4719.5
199,2011,16,Loreto,6.97782,32.6319,5.89736,2.63402,10.83693,16.63401,14.67569,3.98048,100,462.3
200,2011,17,Madre de Dios,8.04282,24.94554,10.53889,0.92873,15.36351,17.08338,14.1793,4.07447,100,68.7
201,2011,18,Moquegua,10.4139,28.88395,6.48751,1.5677,12.76259,11.61192,14.21351,7.41982,100,93.9
202,2011,19,Pasco,7.66965,45.50533,5.19242,1.56852,9.83621,12.00391,10.98184,4.23453,100,149
203,2011,20,Piura,9.01255,29.62226,8.40672,2.79116,9.03626,17.22077,15.43161,4.55924,100,842.5
204,2011,21,Puno,8.40147,49.85366,4.64564,0.66927,8.47667,14.04689,6.63739,4.09033,100,765.1
205,2011,22,San Martin,5.47917,47.61731,4.33736,1.81038,9.53794,13.96141,8.99772,4.21452,100,429.4
206,2011,23,Tacna,10.92617,14.655,7.50055,1.44756,13.67705,22.25498,14.35425,6.72981,100,169.8
207,2011,24,Tumbes,9.24611,16.79805,10.92394,1.50128,10.80671,20.24455,18.69307,5.57051,100,121.6
208,2011,25,Ucayali,11.04553,26.0333,8.82446,1.63232,10.06526,17.91421,17.44325,2.56562,100,253.1
209,2012,0,Nacional,11.3964,25.03056,5.77695,2.60031,13.43111,16.49897,13.59165,4.34256,100,15541.5
210,2012,1,Amazonas,5.23612,61.05746,3.51809,0.72151,8.55192,8.57803,6.48816,2.74284,100,221.6
211,2012,2,Ancash,10.11975,34.03801,5.80875,1.43238,11.04111,15.91454,11.33582,4.93511,100,584.4
212,2012,3,Apurimac,3.95979,58.35473,2.21901,0.95332,9.39258,11.17072,6.18493,4.9355,100,240.7
213,2012,4,Arequipa,13.86674,15.24385,7.15498,2.44257,16.37505,16.92148,15.87339,4.56327,100,628.9
214,2012,5,Ayacucho,4.72074,54.19526,3.71214,1.14644,9.02382,13.39223,6.50036,3.34111,100,320.9
215,2012,6,Cajamarca,7.86628,53.99529,3.61319,1.07537,9.79758,10.68176,5.77431,4.06145,100,768.1
216,2012,7,Callao,15.36362,0.55238,7.15968,3.70176,13.7538,19.01824,22.64708,4.41588,100,487.5
217,2012,8,Cusco,8.38895,37.685,4.19306,0.80304,10.93021,15.23519,10.26588,6.56575,100,734.7
218,2012,9,Huancavelica,2.65571,70.01282,1.85922,0.53544,4.71277,9.51038,5.47687,3.03037,100,249.5
219,2012,10,Huanuco,6.56832,52.61116,4.21922,1.42154,9.4078,11.75719,7.26669,3.27438,100,431.2
220,2012,11,Ica,11.68046,19.2264,8.11828,2.42844,11.54226,19.5747,15.76658,5.8856,100,394.2
221,2012,12,Junin,9.91229,37.13412,4.3953,1.70343,11.05134,14.60758,12.99981,4.02307,100,677.9
222,2012,13,La Libertad,12.66089,25.84306,6.12239,3.82376,10.99075,15.34136,14.22876,5.3441,100,911.1
223,2012,14,Lambayeque,9.65321,24.00222,9.00602,2.35564,11.61581,19.86622,14.36833,4.48094,100,616.3
224,2012,15,Lima,15.98713,3.28413,6.11092,4.20373,18.99072,18.5965,17.44971,3.39007,100,4866.3
225,2012,16,Loreto,6.01517,32.75643,6.05074,2.33874,11.99118,16.70075,14.89448,4.27541,100,485.4
226,2012,17,Madre de Dios,6.79083,23.27361,8.03348,1.3076,16.31151,16.94295,13.82612,5.84582,100,72.3
227,2012,18,Moquegua,8.84761,25.64378,4.6748,1.70168,14.28797,12.5504,13.99717,8.90319,100,98.3
228,2012,19,Pasco,8.42453,46.27534,4.11735,0.71598,10.54495,11.94058,8.91441,3.60342,100,152.1
229,2012,20,Piura,8.40991,29.34541,6.88138,2.34103,9.82652,18.92807,13.67314,5.77656,100,867.9
230,2012,21,Puno,9.86664,46.41594,3.94728,0.8752,7.7814,16.12775,6.76659,5.64422,100,765.2
231,2012,22,San Martin,6.84522,46.13953,4.68041,1.31237,11.02103,13.03657,8.26049,3.4194,100,415.9
232,2012,23,Tacna,10.27159,14.67021,8.44457,1.58084,13.95095,19.67004,15.58536,6.56632,100,169.6
233,2012,24,Tumbes,8.73707,13.98682,12.24818,1.76111,12.85059,21.12767,18.1055,5.0964,100,123.2
234,2012,25,Ucayali,11.54465,24.69075,8.60954,2.21757,10.80758,17.92799,15.56263,3.91589,100,258.2
235,2013,0,Nacional,11.39914,24.83385,5.97412,2.58824,13.32754,16.5417,13.66535,4.13994,100,15683.6
236,2013,1,Amazonas,4.42103,58.32335,3.89765,1.18062,7.99416,9.33073,5.9963,4.92598,100,226.3
237,2013,2,Ancash,7.77323,36.40385,6.15158,1.24192,10.51495,15.03043,12.68304,5.04102,100,583.9
238,2013,3,Apurimac,2.93348,57.72669,1.83785,0.74978,7.3795,12.9693,6.78183,5.32801,100,250.9
239,2013,4,Arequipa,14.15351,15.48179,6.97552,2.00774,16.74743,17.57908,15.44091,4.76944,100,661.5
240,2013,5,Ayacucho,5.06242,53.26941,3.30906,1.12962,7.82926,14.17622,7.90633,4.33267,100,340.5
241,2013,6,Cajamarca,9.56964,54.80734,4.16788,0.85802,7.61753,9.44678,5.50789,4.39199,100,791.8
242,2013,7,Callao,16.0394,0.8478,6.74937,4.16503,14.74976,16.72681,20.88051,4.33794,100,504.1
243,2013,8,Cusco,10.16715,39.51647,3.72742,1.15322,11.00105,13.66104,9.45373,5.19729,100,726.5
244,2013,9,Huancavelica,3.77376,67.20263,1.76358,0.39779,5.21351,10.63984,6.3812,2.97618,100,249.9
245,2013,10,Huanuco,7.14215,50.21669,4.70346,1.5406,9.89166,10.71577,8.31376,3.88442,100,439.2
246,2013,11,Ica,11.68248,17.69525,8.58116,1.84216,11.82871,18.36726,18.06816,5.83748,100,404.5
247,2013,12,Junin,10.57192,35.36604,5.71036,0.92982,11.72205,14.95522,11.6154,4.50641,100,678.7
248,2013,13,La Libertad,12.34142,24.79431,5.31532,2.58384,11.4271,17.47461,14.34251,5.54613,100,898.3
249,2013,14,Lambayeque,9.45543,21.66272,8.57701,3.26926,12.57338,20.2805,13.48632,5.81677,100,617.3
250,2013,15,Lima,15.13693,3.61147,6.52169,4.21547,19.07365,19.54509,17.04814,2.67491,100,4846.8
251,2013,16,Loreto,8.1173,28.88382,6.62674,2.5496,9.33256,17.67682,16.69861,4.38755,100,499.2
252,2013,17,Madre de Dios,7.3345,24.87895,9.33456,0.77143,13.16821,16.13567,16.31067,4.84561,100,75
253,2013,18,Moquegua,8.36109,25.25003,6.86714,0.7803,14.34404,12.9167,15.37786,7.66382,100,100.6
254,2013,19,Pasco,7.50793,43.99581,4.33845,1.20706,11.56131,10.86607,9.27374,5.69663,100,153.5
255,2013,20,Piura,9.83871,29.64881,6.83745,3.52019,9.52774,18.16053,12.93521,4.01785,100,869.3
256,2013,21,Puno,9.67078,45.05612,4.99483,1.24632,8.4182,13.21947,8.58397,5.43485,100,780.9
257,2013,22,San Martin,8.03214,45.58836,4.51766,1.2873,10.27286,12.1736,10.27019,3.52935,100,429.5
258,2013,23,Tacna,11.92953,15.19133,6.74627,1.48891,16.87841,23.15297,15.38241,3.4646,100,172.6
259,2013,24,Tumbes,9.72329,13.8625,11.60039,1.15113,12.40681,19.17453,21.41679,5.32065,100,123.6
260,2013,25,Ucayali,10.36837,23.25804,8.9839,2.23744,9.95263,16.9721,18.24026,5.20534,100,259.3
261,2014,0,Nacional,10.73517,25.049,6.44604,2.26083,13.14723,16.24115,14.25983,4.43726,100,15796.9
262,2014,1,Amazonas,4.86138,58.29498,3.55458,1.03596,7.86199,10.78733,7.01695,4.16604,100,223.7
263,2014,2,Ancash,7.47671,36.37868,6.10522,1.24506,10.96947,14.49435,13.87777,4.44264,100,608.6
264,2014,3,Apurimac,3.1769,56.64645,3.2,1.17623,8.18745,9.87337,8.51768,6.48494,100,252.5
265,2014,4,Arequipa,12.60087,17.15362,8.07409,2.24774,14.65264,15.86114,16.00936,5.36092,100,669.3
266,2014,5,Ayacucho,5.69569,50.87099,4.66848,0.57739,7.12557,13.98411,8.30074,4.28401,100,354.3
267,2014,6,Cajamarca,7.87661,54.01644,4.98193,1.27223,7.87022,9.92805,6.35441,4.86123,100,795.9
268,2014,7,Callao,14.87633,0.56886,7.74447,3.42344,16.72228,17.46185,20.7791,4.43448,100,504.2
269,2014,8,Cusco,9.3538,41.08513,5.18609,0.80549,9.55717,14.44716,9.10458,3.99218,100,732.9
270,2014,9,Huancavelica,2.20186,72.11963,1.26274,0.3781,4.72194,9.0164,5.10509,3.22704,100,259.2
271,2014,10,Huanuco,6.98276,50.28493,4.78204,0.99739,8.30958,11.62985,9.77841,3.75918,100,451
272,2014,11,Ica,11.62503,16.42384,8.53158,1.32614,11.8199,18.65932,18.19522,6.52606,100,404.5
273,2014,12,Junin,9.33539,35.25313,5.76708,1.155,12.02704,15.11767,10.92691,5.44897,100,685.5
274,2014,13,La Libertad,12.26224,23.74851,6.78682,2.31189,11.98406,18.21427,14.32358,4.80982,100,911.9
275,2014,14,Lambayeque,9.76101,20.57703,8.27157,2.38557,11.88797,19.62233,15.33252,6.52064,100,602.9
276,2014,15,Lima,14.49905,3.31651,6.67023,3.67859,19.3792,18.80481,18.51671,2.94666,100,4828.1
277,2014,16,Loreto,7.99846,27.19999,5.87876,2.33838,11.65448,17.94383,15.67597,5.57464,100,493.5
278,2014,17,Madre de Dios,6.98039,28.10717,9.01431,1.30241,13.36479,13.86558,16.34487,4.13231,100,75.9
279,2014,18,Moquegua,8.23968,27.93169,6.97858,0.9773,14.00896,12.84823,14.33721,6.94737,100,100.2
280,2014,19,Pasco,7.11958,44.27523,5.91913,1.40006,10.08243,10.9542,11.50222,5.13744,100,151.5
281,2014,20,Piura,9.09241,29.18492,8.97773,2.85331,8.73405,17.74974,14.14094,5.13139,100,890.1
282,2014,21,Puno,7.94416,46.3183,4.99965,0.74627,8.44059,13.63957,7.51576,7.16101,100,795.7
283,2014,22,San Martin,6.75744,50.66435,5.38466,1.15921,8.12583,11.71261,8.73466,3.30806,100,430.8
284,2014,23,Tacna,12.66315,17.19866,7.68483,1.55881,12.81627,20.37256,14.82058,4.23356,100,178
285,2014,24,Tumbes,9.17252,15.92024,10.01232,0.89652,10.72275,18.73945,20.09643,7.12368,100,125.1
286,2014,25,Ucayali,11.2871,23.15341,8.91052,2.28647,8.04027,17.37894,19.52782,5.00586,100,271.6
287,2015,0,Nacional,10.90625,25.7677,6.76318,2.46773,12.93835,15.61703,14.6218,4.14525,100,15918.94516
288,2015,1,Amazonas,4.45646,61.1233,3.12615,1.27747,7.98602,9.29797,6.43149,3.17757,100,226.427
289,2015,2,Ancash,8.70542,38.30596,6.68802,1.35117,9.55909,13.70809,13.74421,4.02065,100,608.83443
290,2015,3,Apurimac,3.3786,58.18921,2.96687,0.76682,8.88431,9.63948,7.8052,6.16361,100,263.82645
291,2015,4,Arequipa,12.41063,17.36467,9.11404,1.74709,13.953,16.11442,16.59922,4.97767,100,665.97008
292,2015,5,Ayacucho,5.66835,50.54142,4.29351,1.11903,7.70927,14.04732,7.5718,5.35045,100,351.03555
293,2015,6,Cajamarca,7.96106,56.02838,4.96405,0.62104,7.7831,11.14656,5.55768,3.79387,100,801.4473
294,2015,7,Callao,17.83827,0.75946,8.34627,3.50668,14.05871,14.96269,22.67974,3.97745,100,512.05628
295,2015,8,Cusco,8.01727,42.29216,4.68617,0.90242,8.95546,15.32193,9.51204,5.30652,100,752.86936
296,2015,9,Huancavelica,3.08146,67.45753,1.93218,1.04044,5.34696,8.94819,5.73223,3.94701,100,256.06772
297,2015,10,Huanuco,6.85979,51.03616,4.46917,1.2541,8.31443,12.14365,9.13496,3.23475,100,458.58937
298,2015,11,Ica,10.01439,18.3984,9.1264,1.4754,11.89035,18.96204,17.15978,5.80837,100,389.69509
299,2015,12,Junin,9.09394,39.21892,5.45755,0.8794,12.42894,13.55024,11.46277,3.98121,100,698.13223
300,2015,13,La Libertad,12.18309,25.2849,6.95225,2.98349,11.83252,17.12005,15.21039,3.63817,100,918.69949
301,2015,14,Lambayeque,10.58,21.40927,8.37423,3.25162,11.79584,19.51384,12.99245,6.74707,100,615.69295
302,2015,15,Lima,14.89376,3.7203,7.78418,4.17104,19.10296,17.37584,19.27753,2.87417,100,4925.34514
303,2015,16,Loreto,7.48961,29.46659,6.5036,2.32746,10.82614,17.86925,16.58657,3.92255,100,495.35496
304,2015,17,Madre de Dios,10.1832,22.27541,9.02353,0.73828,10.14558,19.42427,17.1078,6.14887,100,79.02803
305,2015,18,Moquegua,10.44386,24.65941,8.82932,0.83945,13.7718,13.09827,14.16111,5.85857,100,99.67413
306,2015,19,Pasco,6.8764,47.89895,6.55199,1.01243,9.33513,9.79226,10.19908,4.72032,100,152.7719
307,2015,20,Piura,9.64798,30.66291,7.40817,2.16815,8.40674,17.32255,14.98945,4.97456,100,887.5394
308,2015,21,Puno,8.63624,47.51318,4.26067,0.91468,6.70694,13.28011,8.84988,6.06971,100,775.85436
309,2015,22,San Martin,4.86051,47.81176,4.46447,2.58746,10.39428,10.57522,10.17263,5.13827,100,418.85953
310,2015,23,Tacna,12.02497,15.7884,7.4656,2.07743,15.8498,19.74758,15.16123,3.90863,100,173.25927
311,2015,24,Tumbes,8.03981,14.40472,12.15834,1.98801,12.86135,16.77481,20.68938,6.09275,100,124.69927
312,2015,25,Ucayali,8.86428,24.36404,9.63045,1.30233,10.36202,18.62041,16.82158,4.8331,100,267.21587
313,2016,0,Nacional,10.62006,25.46288,6.78313,2.37233,13.2145,15.66072,14.62906,4.33823,100,16197.11003365
314,2016,1,Amazonas,5.66603,57.66755,3.16198,0.84083,8.50658,9.96228,6.30917,4.34861,100,232.66529501
315,2016,2,Ancash,8.48359,37.05097,6.59459,1.73931,10.55634,13.75013,13.88677,3.7672,100,611.97037265
316,2016,3,Apurimac,3.276,58.32945,3.87531,0.67099,6.8702,10.62308,8.45269,5.35523,100,257.07333885
317,2016,4,Arequipa,12.10108,17.17871,8.59028,2.13118,15.37323,16.88004,16.73058,4.89295,100,657.1917603
318,2016,5,Ayacucho,5.08019,50.6348,3.563,0.78342,9.89678,11.60115,8.35024,5.94633,100,353.22538201
319,2016,6,Cajamarca,7.91467,56.56,4.09996,1.39833,6.92555,10.04167,6.86699,3.78912,100,825.60378767
320,2016,7,Callao,15.0314,0.62804,8.42084,3.91368,16.52783,16.3572,23.16383,2.99293,100,529.00876668
321,2016,8,Cusco,8.34119,42.56291,4.41854,0.40198,9.64448,14.57379,9.72333,4.79261,100,736.69371393
322,2016,9,Huancavelica,3.81597,66.62679,1.93385,0.66604,5.33844,9.51137,5.37243,4.06931,100,258.94968618
323,2016,10,Huanuco,5.24279,51.12945,4.93403,1.26049,7.98428,12.15677,10.19413,3.92022,100,452.70356594
324,2016,11,Ica,9.96484,18.90771,9.94938,2.81597,11.51421,16.48295,19.20696,5.18695,100,411.41183819
325,2016,12,Junin,8.43782,41.6552,5.5696,0.75232,12.47401,12.0418,10.91334,3.92483,100,705.13582639
326,2016,13,La Libertad,12.56368,25.02772,6.28454,3.51787,12.00906,14.35335,16.17442,4.24324,100,945.85213676
327,2016,14,Lambayeque,10.62687,20.68128,8.80162,2.85665,12.83371,19.60407,13.78788,4.99408,100,633.96128878
328,2016,15,Lima,13.94453,3.50915,7.53659,3.83093,19.52383,18.38057,18.44636,3.54662,100,5047.73591243
329,2016,16,Loreto,7.99224,30.60954,7.25919,1.88648,9.87927,17.1266,16.34478,4.49838,100,500.07803942
330,2016,17,Madre de Dios,11.74605,23.43627,10.6136,0.68981,10.38142,16.31177,18.38808,4.53514,100,77.84781338
331,2016,18,Moquegua,8.91168,25.60194,7.70551,0.96709,14.48854,13.14026,15.50955,6.1061,100,101.46533338
332,2016,19,Pasco,7.37839,48.12692,5.40932,0.83574,9.51366,9.05135,10.75016,3.6995,100,160.1712245
333,2016,20,Piura,9.54783,30.84633,8.07574,1.99733,7.99816,16.97955,14.8872,5.21257,100,894.58192201
334,2016,21,Puno,9.41198,43.78774,5.28636,0.39245,8.30565,14.04494,7.52987,7.737,100,770.9231381
335,2016,22,San Martin,6.86511,48.8355,5.13799,1.54541,7.24074,11.19714,10.94938,4.36767,100,446.49436568
336,2016,23,Tacna,13.4715,16.33865,8.01488,1.41529,13.84114,20.3587,16.80789,2.6848,100,182.47850571
337,2016,24,Tumbes,8.13469,14.81862,13.40595,1.76249,11.02806,20.85966,18.85746,6.41167,100,128.88286441
338,2016,25,Ucayali,9.08302,22.71229,10.50878,1.42592,9.48983,19.13686,16.77453,5.4323,100,275.00415527
339,2017,0,Nacional,10.42873,24.76408,6.86472,2.39339,13.13386,16.33217,14.67538,4.28848,100,16510.98400373
340,2017,1,Amazonas,4.25274,57.21292,3.98298,0.98598,9.10223,11.71367,6.83659,2.78693,100,237.92400126
341,2017,2,Ancash,9.2332,37.24698,7.04947,1.77609,9.61964,13.21306,13.47109,4.13506,100,614.62918458
342,2017,3,Apurimac,3.79371,56.20069,3.74506,0.69011,7.73714,11.68395,7.43184,5.80863,100,258.48506472
343,2017,4,Arequipa,10.16167,15.36781,9.3785,2.18864,15.27702,17.31658,16.32024,6.44582,100,678.52429045
344,2017,5,Ayacucho,3.77309,49.75344,4.74165,1.00984,9.86438,13.07218,7.97874,5.76747,100,359.80362659
345,2017,6,Cajamarca,7.12203,57.75805,3.6896,1.44887,6.48601,9.99128,6.89905,4.36157,100,870.32079207
346,2017,7,Callao,15.13021,0.78865,7.95396,3.23401,14.39441,17.32454,21.67542,4.10539,100,533.47950751
347,2017,8,Cusco,8.42405,41.51734,4.01858,0.76368,8.71393,14.46311,10.99212,5.35277,100,755.11492541
348,2017,9,Huancavelica,4.16913,66.79777,1.71084,0.43591,4.29993,10.98999,5.59361,3.86287,100,264.30898635
349,2017,10,Huanuco,6.6046,50.13317,4.89192,1.60587,8.94318,10.95659,9.83699,3.72682,100,451.52087109
350,2017,11,Ica,10.36417,15.69858,9.82727,1.42857,12.33176,20.58321,16.43578,6.26982,100,407.92306019
351,2017,12,Junin,8.89183,40.06528,6.39102,1.16061,10.17517,13.43841,11.99669,3.31119,100,699.71016858
352,2017,13,La Libertad,12.19644,23.56072,8.09864,2.99479,12.03827,15.80772,15.17781,3.96343,100,976.34747365
353,2017,14,Lambayeque,10.12143,20.17398,8.7343,2.41253,12.24959,19.60521,16.21404,5.01948,100,628.41641033
354,2017,15,Lima,13.63198,3.36305,7.48352,3.89942,19.49471,19.15622,18.67482,3.33061,100,5190.23243806
355,2017,16,Loreto,6.92935,29.27368,6.38097,1.87008,11.8604,18.2649,15.13955,4.66907,100,505.05934322
356,2017,17,Madre de Dios,10.50058,22.57791,11.18757,0.6676,10.75899,17.57273,18.42741,4.23795,100,81.9086794
357,2017,18,Moquegua,10.07656,25.06649,8.10905,1.8787,14.25412,14.11554,12.99615,5.00769,100,102.27921826
358,2017,19,Pasco,6.44622,50.86546,7.03705,0.84194,8.40348,7.99309,11.53102,3.21861,100,159.96432534
359,2017,20,Piura,9.91089,27.96847,7.50033,2.24188,8.87924,18.12115,15.44029,4.93871,100,904.96640095
360,2017,21,Puno,10.01178,43.45308,5.62119,0.52225,8.45249,12.84846,9.58977,5.7808,100,775.05285328
361,2017,22,San Martin,6.6547,47.23919,5.12292,1.77067,8.18726,13.23672,9.60742,3.69409,100,472.23995054
362,2017,23,Tacna,11.41908,16.63924,8.41044,1.62278,14.91112,21.73245,14.82864,4.57023,100,179.52398568
363,2017,24,Tumbes,7.52189,15.67501,11.06622,1.92571,12.12337,21.49389,16.04251,7.52431,100,132.2828269
364,2017,25,Ucayali,10.1279,21.85078,9.32262,2.0124,9.56061,17.8975,17.18035,5.50951,100,270.96561933
365,2018,0,Nacional,10.0868,24.86886,6.94625,2.27111,13.81778,16.5354,14.45687,4.15487,100,16776.483534
366,2018,1,Amazonas,3.81392,57.11332,3.22195,0.99902,8.10133,12.54723,8.12514,2.83258,100,238.522914455414
367,2018,2,Ancash,9.19808,38.31994,6.6236,1.60566,9.37653,14.56988,11.71589,4.71674,100,618.085082597017
368,2018,3,Apurimac,2.573,58.04857,3.96372,1.06421,6.82531,12.70633,7.3125,5.3942,100,262.87707339859
369,2018,4,Arequipa,9.95317,16.89597,8.10612,2.2045,17.05293,16.84725,15.90109,5.31225,100,701.369137807846
370,2018,5,Ayacucho,5.01558,50.32016,4.04382,0.83708,9.89853,14.45912,7.71937,4.68108,100,372.899021154404
371,2018,6,Cajamarca,7.98293,57.32478,3.9108,0.88823,7.9575,9.44181,6.10785,3.88939,100,857.612066958427
372,2018,7,Callao,14.24792,0.63265,9.2563,3.60844,15.91212,17.70982,22.61199,4.16477,100,531.242528663635
373,2018,8,Cusco,6.65555,42.70573,3.648,0.70325,10.25231,14.35297,10.21656,4.35104,100,736.502100781441
374,2018,9,Huancavelica,5.1482,62.82125,2.33801,0.73927,5.13765,9.94451,6.5728,4.72097,100,265.581792825699
375,2018,10,Huanuco,6.49314,50.47871,5.68285,1.01998,8.295,12.2903,9.5027,3.36762,100,461.373597816467
376,2018,11,Ica,11.26354,15.51106,9.86238,1.90541,12.36878,19.40469,17.68154,5.65463,100,421.681863451958
377,2018,12,Junin,9.30855,40.03379,6.22578,1.59862,8.52435,14.10554,11.98328,3.71348,100,726.004343101501
378,2018,13,La Libertad,14.34222,23.40163,7.15128,2.12266,11.91226,17.60145,14.51401,3.09102,100,997.63518715477
379,2018,14,Lambayeque,8.9916,19.34431,10.02988,2.35568,13.29546,20.11844,14.59862,5.26631,100,654.881775937557
380,2018,15,Lima,12.49,3.40251,7.88069,3.79165,20.83502,18.99535,18.43642,3.27154,100,5249.75906110573
381,2018,16,Loreto,8.22675,29.72611,6.96945,1.37378,10.94023,17.42746,14.82825,5.50299,100,513.936109633207
382,2018,17,Madre de Dios,10.30376,20.7994,11.42526,0.79719,12.25487,17.31531,17.12126,3.81334,100,85.957100279808
383,2018,18,Moquegua,9.05856,24.04098,9.46777,2.01996,14.98588,11.50593,13.68857,6.64321,100,102.938033013821
384,2018,19,Pasco,7.71491,47.5664,5.30017,0.95634,7.89344,9.42581,11.2,4.85978,100,167.513988462448
385,2018,20,Piura,10.26527,28.86654,7.93471,1.88438,8.47167,17.21803,15.87017,5.04671,100,945.941803135872
386,2018,21,Puno,8.16079,43.31613,4.53508,0.69357,10.06059,15.64203,8.72504,6.35496,100,795.109461083889
387,2018,22,San Martin,6.18113,49.40966,4.42771,1.6959,8.07654,12.36895,10.10816,3.85987,100,470.897161281586
388,2018,23,Tacna,11.90687,16.47254,8.2269,1.25333,15.82035,20.79823,15.73683,3.41394,100,186.2218484478
389,2018,24,Tumbes,8.37186,15.4408,11.79969,2.18242,11.69822,20.0224,21.10079,4.8476,100,134.065056530952
390,2018,25,Ucayali,8.48029,21.45924,9.87769,1.9358,12.14341,18.9921,16.79987,4.64858,100,277.875425151825
391,2019,0,Nacional,10.05,24.39,7.02,2.45,13.5,16.52,14.76,4.56,100,17133.1
392,2019,1,Amazonas,4.55,54.69,3.71,1.29,8.13,12.48,9.07,3.58,100,249.14421
393,2019,2,Ancash,7.6,37.88,6.45,1.17,10.37,14.59,13.06,4.08,100,638.801406
394,2019,3,Apurimac,3.69,54.22,4.52,0.61,8.86,10.7,8.53,5.57,100,266.62273
395,2019,4,Arequipa,12.99,14.46,8.51,2.4,16.57,17.4,15.36,4.62,100,708.63106
396,2019,5,Ayacucho,4.15,51.48,4.81,0.76,9.73,13.19,8.4,4.75,100,374.657262
397,2019,6,Cajamarca,7.73,55.17,3.85,1.16,8.13,9.27,7.33,4.6,100,870.54088
398,2019,7,Callao,13.42,0.64,9.63,2.83,16.14,20.53,20.74,3.67,100,546.7515
399,2019,8,Cusco,6.98,43.37,4.61,0.92,9.44,12.92,12.51,4.2,100,769.86729
400,2019,9,Huancavelica,4.68,63.71,2.34,0.87,4.66,9.75,7.68,3.98,100,270.9283
401,2019,10,Huanuco,6.94,50.99,4.01,1.35,8.79,12.76,9.05,2.88,100,462.48298
402,2019,11,Ica,11.45,14.3,9.39,1.56,11.6,19.2,19.55,5.62,100,441.246209
403,2019,12,Junin,7.85,38.59,6.5,1.59,12.35,12.74,12.86,3.41,100,751.79114
404,2019,13,La Libertad,10.95,24.89,6.85,2.67,13.56,16.9,14.75,4.22,100,1017.938
405,2019,14,Lambayeque,8.4,20.6,8.98,3.36,15.29,19.77,12.69,5.48,100,664.91058
406,2019,15,Lima,12.95,3.52,7.9,3.92,18.7,19.86,18.43,4.08,100,5344.772
407,2019,16,Loreto,7.21,28.99,7.84,1.95,12.99,15.37,15.97,4.91,100,514.90334
408,2019,17,Madre de Dios,12.22,25.54,9.6,0.74,11.82,14.6,15.59,3.63,100,83.6910511
409,2019,18,Moquegua,11.75,21.78,8.01,0.94,12.14,13.51,14.81,8.37,100,106.011001
410,2019,19,Pasco,8.73,44.39,6.64,1.03,9.6,10.76,10.47,4.55,100,162.22291
411,2019,20,Piura,10.09,25.88,8.03,3.35,8.83,17.78,15.77,5.21,100,990.3683
412,2019,21,Puno,8.54,43.77,4.48,0.35,8.92,13.45,9.37,8.38,100,800.91694
413,2019,22,San Martin,6.09,45.61,5.94,1.72,9.21,12.3,10.1,4.31,100,491.17236
414,2019,23,Tacna,11.02,15.69,9.16,1.9,15.48,19.94,17.71,2.95,100,186.19939
415,2019,24,Tumbes,9.34,12.15,13.16,1.71,9.65,20.32,21.07,6.66,100,135.70019
416,2019,25,Ucayali,10.76,21.38,9.11,1.88,10.38,17.53,18.26,6.37,100,282.82855
417,2020,0,Nacional,9.88269,32.05274,6.49205,1.64226,11.5722,15.10037,12.1653,5.1856,100,14901.7815
418,2020,1,Amazonas,4.52302,63.61985,2.3908,0.87134,7.76546,8.36056,5.07224,4.46793,100,237.41146
419,2020,2,Ancash,8.43425,46.45405,5.47737,0.85266,8.82853,10.20468,10.61577,5.37294,100,567.27973
420,2020,3,Apurimac,3.76994,63.86025,3.42506,0.4044,5.04345,9.76802,6.90454,4.36257,100,258.928
421,2020,4,Arequipa,11.799,20.1941,8.12452,1.37823,16.03231,15.66127,14.28306,5.5698,100,550.85722
422,2020,5,Ayacucho,4.95172,56.21736,3.47491,1.03486,7.75156,10.16214,8.27905,5.13882,100,352.47628
423,2020,6,Cajamarca,5.98068,63.34975,2.91187,0.60636,5.32784,8.75735,5.81093,4.19364,100,848.93112
424,2020,7,Callao,14.06189,1.1131,10.49085,3.21725,14.27741,21.5945,17.51609,6.68132,100,425.90278
425,2020,8,Cusco,4.60494,58.36685,2.6974,0.52169,6.24155,12.05117,8.64117,4.34681,100,726.97644
426,2020,9,Huancavelica,1.66875,74.83573,1.65674,0.10298,4.4209,8.58102,4.07349,2.70289,100,280.80905
427,2020,10,Huanuco,5.19594,61.79897,3.15726,0.84523,6.70513,10.27344,6.4783,2.46285,100,439.624335
428,2020,11,Ica,11.68627,20.21728,9.9914,1.44017,10.05377,18.51317,16.8119,6.08384,100,376.036941
429,2020,12,Junin,7.08955,51.04485,5.16051,0.97741,8.57845,11.01658,8.36663,4.33939,100,654.03003
430,2020,13,La Libertad,12.37697,28.25934,6.3718,1.61572,11.32671,15.41241,13.93851,5.26797,100,844.669246
431,2020,14,Lambayeque,9.48307,24.64722,9.24711,1.72375,13.9562,19.04517,10.38535,6.78579,100,569.2851
432,2020,15,Lima,14.2793,4.71725,8.10404,2.82586,18.41912,19.83759,16.41411,4.93262,100,4222.728
433,2020,16,Loreto,6.87663,31.88608,7.26829,1.53322,11.63027,15.75864,14.57243,6.0802,100,500.26497
434,2020,17,Madre de Dios,9.94458,34.99242,10.32248,0.82967,6.1537,14.88012,15.14222,3.57317,100,79.956321
435,2020,18,Moquegua,8.40735,26.43859,7.97759,0.69738,11.79892,14.97256,14.41775,8.62011,100,94.060048
436,2020,19,Pasco,6.48178,58.81888,3.98627,0.49647,5.8889,10.36297,6.67395,3.97178,100,164.69508
437,2020,20,Piura,10.42254,33.75456,6.57605,2.01859,7.1295,15.56446,14.31673,6.55245,100,889.44294
438,2020,21,Puno,7.18016,55.0198,4.90541,0.78806,6.70579,10.1084,5.90026,6.79913,100,795.99818
439,2020,22,San Martin,6.82391,57.91254,4.82456,0.70547,4.94155,10.15365,7.57251,4.78058,100,484.48887
440,2020,23,Tacna,12.23999,21.78049,7.60828,0.96598,17.74386,16.88894,11.8646,3.63862,100,152.73059
441,2020,24,Tumbes,8.11447,18.34968,13.80503,1.18667,8.44579,17.56048,20.54224,8.55084,100,114.39083
442,2020,25,Ucayali,9.85403,25.24249,11.21742,1.48406,9.53524,17.82711,14.1143,5.92712,100,269.80819
443,2021,0,Nacional,10.43,28.179,6.733,2.011,11.08,17.026,12.778,6.023,100,18149.421729
444,2021,1,Amazonas,4.62,57.174,3.847,0.698,7.301,10.999,7.963,4.528,100,263.416878
445,2021,2,Ancash,5.792,42.423,6.574,0.988,10.254,13.119,10.35,6.551,100,667.469595
446,2021,3,Apurimac,3.573,65.385,3.453,0.594,5.617,8.623,5.015,4.896,100,292.940389
447,2021,4,Arequipa,13.172,17.55,7.377,1.765,17.047,17.563,12.849,8.467,100,735.937632
448,2021,5,Ayacucho,4.311,50.067,6.095,1.014,6.649,13.438,8.267,6.981,100,405.027697
449,2021,6,Cajamarca,8.386,55.402,4.452,0.804,7.245,11.033,5.561,4.512,100,940.350599
450,2021,7,Callao,14.993,0.397,10.152,2.625,14.192,20.764,21.118,5.283,100,574.34001
451,2021,8,Cusco,8.013,47.324,3.582,0.992,7.408,14.463,8.817,6.866,100,822.064221
452,2021,9,Huancavelica,4.723,68.833,2.375,0.208,2.947,9.465,4.354,5.372,100,306.412024
453,2021,10,Huanuco,7.335,59.746,3.133,0.866,5.83,10.6,6.409,4.171,100,506.461081
454,2021,11,Ica,12.983,21.435,9.888,1.109,8.586,18.068,15.925,7.299,100,442.956224
455,2021,12,Junin,6.353,43.344,5.14,1.188,9.819,12.387,11.148,6.562,100,773.885531
456,2021,13,La Libertad,11.234,25.95,7.877,1.808,10.533,17.713,13.375,6.389,100,1055.250173
457,2021,14,Lambayeque,9.046,24.347,8.245,2.888,11.948,20.257,12.402,7.311,100,686.467282
458,2021,15,Lima,14.386,3.881,7.712,3.608,16.753,21.774,16.725,4.866,100,5048.644605
459,2021,16,Loreto,5.804,30.262,8.121,1.971,8.272,19.549,14.279,7.431,100,570.41192
460,2021,17,Madre de Dios,9.278,24.923,10.456,0.871,8.851,17.71,17.331,5.602,100,95.264072
461,2021,18,Moquegua,8.366,23.791,8.228,1.237,12.023,14.56,13.914,9.861,100,113.824947
462,2021,19,Pasco,7.284,52.078,5.855,0.512,6.344,11.64,7.869,5.676,100,186.079407
463,2021,20,Piura,10.943,33.338,6.58,1.721,6.761,16.267,14.346,6.137,100,1040.346168
464,2021,21,Puno,8.367,46.473,5.288,0.333,5.697,13.408,7.681,10.395,100,922.235919
465,2021,22,San Martin,7.732,51.977,4.331,1.467,5.864,11.864,9.446,4.688,100,550.146687
466,2021,23,Tacna,12.812,18.766,9.595,2.141,11.129,20.984,14.2,4.954,100,195.545534
467,2021,24,Tumbes,9.04,22.137,12.383,0.953,7.682,19.897,18.362,6.129,100,144.4173
468,2021,25,Ucayali,9.783,28.076,8.7,1.756,7.6,17.968,15.227,5.999,100,305.727196
469,2022,0,Nacional,10.72492,24.72696,7.09637,2.28897,11.94948,16.77731,14.79466,5.75452,100,17756.36550155
470,2022,1,Amazonas,5.67325,51.99155,3.38353,1.08859,7.85292,12.71771,7.94723,6.5318,100,246.72433623
471,2022,2,Ancash,7.51585,37.71281,6.57593,1.13986,9.06759,12.68996,14.72423,6.93601,100,671.29978303
472,2022,3,Apurimac,3.0972,58.94957,3.16207,0.86205,8.4814,10.09669,6.59594,5.91716,100,289.50784576
473,2022,4,Arequipa,11.92903,14.54566,8.68416,2.1072,15.47099,17.22128,15.95491,7.10371,100,724.97805191
474,2022,5,Ayacucho,4.5239,49.07316,4.59808,1.07499,7.79178,12.81124,11.49392,5.7611,100,407.32792245
475,2022,6,Cajamarca,7.90871,50.97371,4.59542,1.05508,8.87367,10.39206,8.04938,5.81245,100,861.23159878
476,2022,7,Callao,14.17683,0.51602,8.53237,3.66081,12.51224,21.55643,22.47713,5.62142,100,563.29616706
477,2022,8,Cusco,6.91569,43.39009,4.86655,0.7255,9.01734,15.94027,10.38026,5.57361,100,793.99901152
478,2022,9,Huancavelica,5.06273,61.80579,2.70117,0.46894,5.21179,9.33228,8.40824,4.6328,100,292.87036088
479,2022,10,Huanuco,7.04671,53.08559,5.30169,0.67875,6.18077,13.09524,8.44794,3.96234,100,498.67838064
480,2022,11,Ica,10.35091,18.89719,9.38675,1.387,10.22228,17.98773,18.10514,8.25405,100,462.88675974
481,2022,12,Junin,7.74334,38.77212,6.40477,0.93633,11.24305,12.32088,12.20744,6.39313,100,773.38930859
482,2022,13,La Libertad,11.27257,23.39471,6.90059,2.7038,11.91553,16.14177,17.06086,5.79426,100,1048.74879587
483,2022,14,Lambayeque,9.55128,21.17806,9.00929,2.29667,11.84366,20.36207,13.65642,7.02282,100,707.01497382
484,2022,15,Lima,15.09234,3.61419,7.90519,3.96506,16.99334,20.1898,18.14764,4.56712,100,5453.53901508
485,2022,16,Loreto,8.75169,27.24903,7.82215,1.79663,10.17666,19.10999,15.58989,5.63561,100,553.30853704
486,2022,17,Madre de Dios,10.53142,25.63031,8.95763,0.90474,6.92168,14.59512,17.86049,8.14044,100,93.29321596
487,2022,18,Moquegua,8.93794,20.71835,7.67629,1.33796,14.70189,14.93545,14.40564,9.69667,100,113.10082816
488,2022,19,Pasco,6.19669,45.25285,6.23324,0.7623,11.62078,10.24713,10.64017,4.50113,100,177.75372218
489,2022,20,Piura,9.24112,29.75751,8.36491,2.34495,7.96211,16.79431,14.96865,6.72021,100,1021.15984823
490,2022,21,Puno,8.95869,41.78288,6.34176,0.35402,6.21383,14.47891,9.63746,9.58795,100,838.67644116
491,2022,22,San Martin,6.24282,49.44126,4.75621,1.28727,7.09096,13.30313,10.66383,3.76199,100,528.35815649
492,2022,23,Tacna,13.03779,16.75182,8.23742,1.84504,14.58211,18.66309,15.47195,5.36895,100,196.63983902
493,2022,24,Tumbes,10.25013,15.65634,12.97866,2.38255,8.66543,17.22493,21.03819,6.36229,100,141.06285672
494,2022,25,Ucayali,11.63296,24.32806,8.83602,1.63771,9.06318,18.33529,16.87701,4.83429,100,297.51974524
